UUID,Timestamp
7f7c341dd490,10:30:00
7f7c341dd490,11:20:00
7f7c341dd7c0,10:37:30
7f7c341dd7c0,11:47:30
7f7c341dd7f0,10:45:00
7f7c341dd7f0,10:45:45
7f7c341dd850,10:52:30
7f7c341dd850,10:53:15
7f7c341dd8b0,11:00:00
7f7c341dd8b0,11:45:00
7f7c341dd910,11:07:30
7f7c341dd910,12:17:30
7f7c341dd970,11:15:00
7f7c341dd970,12:00:00
7f7c341dd9d0,11:22:30
7f7c341dd9d0,12:32:30
7f7c341dda30,11:30:00
7f7c341dda30,11:30:45
7f7c341dda90,11:37:30
7f7c341dda90,11:38:15
7f7c341ddaf0,11:45:00
7f7c341ddaf0,12:35:00
7f7c341ddb50,11:52:30
7f7c341ddb50,12:52:30
7f7c341ddbb0,10:30:00
7f7c341ddbb0,11:30:00
7f7c341ddc10,10:37:30
7f7c341ddc10,11:17:30
7f7c341ddc70,10:45:00
7f7c341ddc70,11:55:00
7f7c341ddcd0,10:52:30
7f7c341ddcd0,10:53:20
7f7c341ddd30,11:00:00
7f7c341ddd30,12:10:00
7f7c341ddd90,11:07:30
7f7c341ddd90,11:08:20
7f7c341dddf0,11:15:00
7f7c341dddf0,11:15:50
7f7c341dde50,11:22:30
7f7c341dde50,12:07:30
7f7c341ddeb0,11:30:00
7f7c341ddeb0,12:10:00
7f7c341ddf10,11:37:30
7f7c341ddf10,12:37:30
7f7c341ddf70,11:45:00
7f7c341ddf70,12:45:00
7f7c341ddfd0,11:52:30
7f7c341ddfd0,11:53:20
7f7c341e2070,10:30:00
7f7c341e2070,11:15:00
7f7c341e20d0,10:37:30
7f7c341e20d0,10:38:25
7f7c341e2130,10:45:00
7f7c341e2130,11:25:00
7f7c341e2190,10:52:30
7f7c341e2190,12:02:30
7f7c341e21f0,11:00:00
7f7c341e21f0,11:45:00
7f7c341e2250,11:07:30
7f7c341e2250,11:52:30
7f7c341e22b0,11:15:00
7f7c341e22b0,11:15:55
7f7c341e2310,11:22:30
7f7c341e2310,12:12:30
7f7c341e2370,11:30:00
7f7c341e2370,12:10:00
7f7c341e23d0,11:37:30
7f7c341e23d0,12:22:30
7f7c341e2430,11:45:00
7f7c341e2430,11:45:55
7f7c341e2490,11:52:30
7f7c341e2490,12:52:30
7f7c341e24f0,10:30:00
7f7c341e24f0,10:31:00
7f7c341e2550,10:37:30
7f7c341e2550,11:17:30
7f7c341e25b0,10:45:00
7f7c341e25b0,11:35:00
7f7c341e2610,10:52:30
7f7c341e2610,11:52:30
7f7c341e2670,11:00:00
7f7c341e2670,11:01:00
7f7c341e26d0,11:07:30
7f7c341e26d0,11:52:30
7f7c341e2730,11:15:00
7f7c341e2730,11:55:00
7f7c341e2790,11:22:30
7f7c341e2790,12:12:30
7f7c341e27f0,11:30:00
7f7c341e27f0,12:20:00
7f7c341e2850,11:37:30
7f7c341e2850,11:38:30
7f7c341e28b0,11:45:00
7f7c341e28b0,11:46:00
7f7c341e2910,11:52:30
7f7c341e2910,11:53:30
7f7c341e2970,10:30:00
7f7c341e2970,11:10:00
7f7c341e29d0,10:37:30
7f7c341e29d0,10:38:35
7f7c341e2a30,10:45:00
7f7c341e2a30,11:25:00
7f7c341e2a90,10:52:30
7f7c341e2a90,11:52:30
7f7c341e2af0,11:00:00
7f7c341e2af0,11:40:00
7f7c341e2b50,11:07:30
7f7c341e2b50,11:08:35
7f7c341e2bb0,11:15:00
7f7c341e2bb0,12:25:00
7f7c341e2c10,11:22:30
7f7c341e2c10,12:22:30
7f7c341e2c70,11:30:00
7f7c341e2c70,11:31:05
7f7c341e2cd0,11:37:30
7f7c341e2cd0,12:37:30
7f7c341e2d30,11:45:00
7f7c341e2d30,12:55:00
7f7c341e2d90,11:52:30
7f7c341e2d90,11:53:35
7f7c341e2df0,10:30:00
7f7c341e2df0,11:20:00
7f7c341e2e50,10:37:30
7f7c341e2e50,11:37:30
7f7c341e2eb0,10:45:00
7f7c341e2eb0,11:30:00
7f7c341e2f10,10:52:30
7f7c341e2f10,11:37:30
7f7c341e2f70,11:00:00
7f7c341e2f70,11:50:00
7f7c341e2fd0,11:07:30
7f7c341e2fd0,11:08:40
7f7c341e4070,11:15:00
7f7c341e4070,12:15:00
7f7c341e40d0,11:22:30
7f7c341e40d0,12:07:30
7f7c341e4130,11:30:00
7f7c341e4130,11:31:10
7f7c341e4190,11:37:30
7f7c341e4190,11:38:40
7f7c341e41f0,11:45:00
7f7c341e41f0,11:46:10
7f7c341e4250,11:52:30
7f7c341e4250,12:42:30
7f7c341e42b0,10:30:00
7f7c341e42b0,11:15:00
7f7c341e4310,10:37:30
7f7c341e4310,10:38:45
7f7c341e4370,10:45:00
7f7c341e4370,11:25:00
7f7c341e43d0,10:52:30
7f7c341e43d0,10:53:45
7f7c341e4430,11:00:00
7f7c341e4430,11:40:00
7f7c341e4490,11:07:30
7f7c341e4490,11:08:45
7f7c341e44f0,11:15:00
7f7c341e44f0,12:05:00
7f7c341e4550,11:22:30
7f7c341e4550,11:23:45
7f7c341e45b0,11:30:00
7f7c341e45b0,12:40:00
7f7c341e4610,11:37:30
7f7c341e4610,12:37:30
7f7c341e4670,11:45:00
7f7c341e4670,12:30:00
7f7c341e46d0,11:52:30
7f7c341e46d0,12:37:30
7f7c341e4730,10:30:00
7f7c341e4730,11:30:00
7f7c341e4790,10:37:30
7f7c341e4790,11:37:30
7f7c341e47f0,10:45:00
7f7c341e47f0,10:46:20
7f7c341e4850,10:52:30
7f7c341e4850,12:02:30
7f7c341e48b0,11:00:00
7f7c341e48b0,12:10:00
7f7c341e4910,11:07:30
7f7c341e4910,11:08:50
7f7c341e4970,11:15:00
7f7c341e4970,12:00:00
7f7c341e49d0,11:22:30
7f7c341e49d0,12:32:30
7f7c341e4a30,11:30:00
7f7c341e4a30,11:31:20
7f7c341e4a90,11:37:30
7f7c341e4a90,12:17:30
7f7c341e4af0,11:45:00
7f7c341e4af0,12:30:00
7f7c341e4b50,11:52:30
7f7c341e4b50,12:42:30
7f7c341e4bb0,10:30:00
7f7c341e4bb0,11:10:00
7f7c341e4c10,10:37:30
7f7c341e4c10,11:22:30
7f7c341e4c70,10:45:00
7f7c341e4c70,10:46:25
7f7c341e4cd0,10:52:30
7f7c341e4cd0,11:37:30
7f7c341e4d30,11:00:00
7f7c341e4d30,11:50:00
7f7c341e4d90,11:07:30
7f7c341e4d90,11:52:30
7f7c341e4df0,11:15:00
7f7c341e4df0,11:55:00
7f7c341e4e50,11:22:30
7f7c341e4e50,11:23:55
7f7c341e4eb0,11:30:00
7f7c341e4eb0,12:30:00
7f7c341e4f10,11:37:30
7f7c341e4f10,12:22:30
7f7c341e4f70,11:45:00
7f7c341e4f70,12:25:00
7f7c341e4fd0,11:52:30
7f7c341e4fd0,12:32:30
7f7c341e6070,10:30:00
7f7c341e6070,11:20:00
7f7c341e60d0,10:37:30
7f7c341e60d0,10:39:00
7f7c341e6130,10:45:00
7f7c341e6130,10:46:30
7f7c341e6190,10:52:30
7f7c341e6190,11:32:30
7f7c341e61f0,11:00:00
7f7c341e61f0,11:01:30
7f7c341e6250,11:07:30
7f7c341e6250,12:17:30
7f7c341e62b0,11:15:00
7f7c341e62b0,11:16:30
7f7c341e6310,11:22:30
7f7c341e6310,11:24:00
7f7c341e6370,11:30:00
7f7c341e6370,12:15:00
7f7c341e63d0,11:37:30
7f7c341e63d0,12:22:30
7f7c341e6430,11:45:00
7f7c341e6430,11:46:30
7f7c341e6490,11:52:30
7f7c341e6490,11:54:00
7f7c341e64f0,10:30:00
7f7c341e64f0,11:15:00
7f7c341e6550,10:37:30
7f7c341e6550,10:39:05
7f7c341e65b0,10:45:00
7f7c341e65b0,11:55:00
7f7c341e6610,10:52:30
7f7c341e6610,11:37:30
7f7c341e6670,11:00:00
7f7c341e6670,11:01:35
7f7c341e66d0,11:07:30
7f7c341e66d0,12:17:30
7f7c341e6730,11:15:00
7f7c341e6730,11:16:35
7f7c341e6790,11:22:30
7f7c341e6790,12:12:30
7f7c341e67f0,11:30:00
7f7c341e67f0,11:31:35
7f7c341e6850,11:37:30
7f7c341e6850,12:47:30
7f7c341e68b0,11:45:00
7f7c341e68b0,12:30:00
7f7c341e6910,11:52:30
7f7c341e6910,12:52:30
7f7c341e6970,10:30:00
7f7c341e6970,11:20:00
7f7c341e69d0,10:37:30
7f7c341e69d0,10:39:10
7f7c341e6a30,10:45:00
7f7c341e6a30,11:30:00
7f7c341e6a90,10:52:30
7f7c341e6a90,10:54:10
7f7c341e6af0,11:00:00
7f7c341e6af0,11:50:00
7f7c341e6b50,11:07:30
7f7c341e6b50,11:47:30
7f7c341e6bb0,11:15:00
7f7c341e6bb0,12:00:00
7f7c341e6c10,11:22:30
7f7c341e6c10,11:24:10
7f7c341e6c70,11:30:00
7f7c341e6c70,12:40:00
7f7c341e6cd0,11:37:30
7f7c341e6cd0,11:39:10
7f7c341e6d30,11:45:00
7f7c341e6d30,12:45:00
7f7c341e6d90,11:52:30
7f7c341e6d90,12:37:30
7f7c341e6df0,10:30:00
7f7c341e6df0,11:15:00
7f7c341e6e50,10:37:30
7f7c341e6e50,11:22:30
7f7c341e6eb0,10:45:00
7f7c341e6eb0,11:35:00
7f7c341e6f10,10:52:30
7f7c341e6f10,11:32:30
7f7c341e6f70,11:00:00
7f7c341e6f70,11:50:00
7f7c341e6fd0,11:07:30
7f7c341e6fd0,11:09:15
7f7c341e8070,11:15:00
7f7c341e8070,11:16:45
7f7c341e80d0,11:22:30
7f7c341e80d0,11:24:15
7f7c341e8130,11:30:00
7f7c341e8130,12:30:00
7f7c341e8190,11:37:30
7f7c341e8190,12:17:30
7f7c341e81f0,11:45:00
7f7c341e81f0,12:25:00
7f7c341e8250,11:52:30
7f7c341e8250,13:02:30
7f7c341e82b0,10:30:00
7f7c341e82b0,11:40:00
7f7c341e8310,10:37:30
7f7c341e8310,10:39:20
7f7c341e8370,10:45:00
7f7c341e8370,11:45:00
7f7c341e83d0,10:52:30
7f7c341e83d0,10:54:20
7f7c341e8430,11:00:00
7f7c341e8430,11:50:00
7f7c341e8490,11:07:30
7f7c341e8490,12:17:30
7f7c341e84f0,11:15:00
7f7c341e84f0,11:16:50
7f7c341e8550,11:22:30
7f7c341e8550,12:32:30
7f7c341e85b0,11:30:00
7f7c341e85b0,11:31:50
7f7c341e8610,11:37:30
7f7c341e8610,12:27:30
7f7c341e8670,11:45:00
7f7c341e8670,12:25:00
7f7c341e86d0,11:52:30
7f7c341e86d0,12:42:30
7f7c341e8730,10:30:00
7f7c341e8730,10:31:55
7f7c341e8790,10:37:30
7f7c341e8790,10:39:25
7f7c341e87f0,10:45:00
7f7c341e87f0,11:35:00
7f7c341e8850,10:52:30
7f7c341e8850,11:37:30
7f7c341e88b0,11:00:00
7f7c341e88b0,12:00:00
7f7c341e8910,11:07:30
7f7c341e8910,11:52:30
7f7c341e8970,11:15:00
7f7c341e8970,11:16:55
7f7c341e89d0,11:22:30
7f7c341e89d0,12:12:30
7f7c341e8a30,11:30:00
7f7c341e8a30,12:40:00
7f7c341e8a90,11:37:30
7f7c341e8a90,12:17:30
7f7c341e8af0,11:45:00
7f7c341e8af0,11:46:55
7f7c341e8b50,11:52:30
7f7c341e8b50,13:02:30
7f7c341e8bb0,10:30:00
7f7c341e8bb0,10:32:00
7f7c341e8c10,10:37:30
7f7c341e8c10,11:27:30
7f7c341e8c70,10:45:00
7f7c341e8c70,11:45:00
7f7c341e8cd0,10:52:30
7f7c341e8cd0,10:54:30
7f7c341e8d30,11:00:00
7f7c341e8d30,11:45:00
7f7c341e8d90,11:07:30
7f7c341e8d90,12:17:30
7f7c341e8df0,11:15:00
7f7c341e8df0,12:05:00
7f7c341e8e50,11:22:30
7f7c341e8e50,12:07:30
7f7c341e8eb0,11:30:00
7f7c341e8eb0,11:32:00
7f7c341e8f10,11:37:30
7f7c341e8f10,12:17:30
7f7c341e8f70,11:45:00
7f7c341e8f70,12:55:00
7f7c341e8fd0,11:52:30
7f7c341e8fd0,13:02:30
7f7c341ea070,10:30:00
7f7c341ea070,11:30:00
7f7c341ea0d0,10:37:30
7f7c341ea0d0,11:22:30
7f7c341ea130,10:45:00
7f7c341ea130,11:55:00
7f7c341ea190,10:52:30
7f7c341ea190,11:32:30
7f7c341ea1f0,11:00:00
7f7c341ea1f0,11:02:05
7f7c341ea250,11:07:30
7f7c341ea250,12:07:30
7f7c341ea2b0,11:15:00
7f7c341ea2b0,11:55:00
7f7c341ea310,11:22:30
7f7c341ea310,12:02:30
7f7c341ea370,11:30:00
7f7c341ea370,12:30:00
7f7c341ea3d0,11:37:30
7f7c341ea3d0,12:37:30
7f7c341ea430,11:45:00
7f7c341ea430,12:30:00
7f7c341ea490,11:52:30
7f7c341ea490,12:32:30
7f7c341ea4f0,10:30:00
7f7c341ea4f0,10:32:10
7f7c341ea550,10:37:30
7f7c341ea550,10:39:40
7f7c341ea5b0,10:45:00
7f7c341ea5b0,10:47:10
7f7c341ea610,10:52:30
7f7c341ea610,10:54:40
7f7c341ea670,11:00:00
7f7c341ea670,11:45:00
7f7c341ea6d0,11:07:30
7f7c341ea6d0,11:57:30
7f7c341ea730,11:15:00
7f7c341ea730,12:25:00
7f7c341ea790,11:22:30
7f7c341ea790,11:24:40
7f7c341ea7f0,11:30:00
7f7c341ea7f0,11:32:10
7f7c341ea850,11:37:30
7f7c341ea850,12:22:30
7f7c341ea8b0,11:45:00
7f7c341ea8b0,11:47:10
7f7c341ea910,11:52:30
7f7c341ea910,12:52:30
7f7c341ea970,10:30:00
7f7c341ea970,10:32:15
7f7c341ea9d0,10:37:30
7f7c341ea9d0,11:17:30
7f7c341eaa30,10:45:00
7f7c341eaa30,11:30:00
7f7c341eaa90,10:52:30
7f7c341eaa90,11:37:30
7f7c341eaaf0,11:00:00
7f7c341eaaf0,11:02:15
7f7c341eab50,11:07:30
7f7c341eab50,11:09:45
7f7c341eabb0,11:15:00
7f7c341eabb0,12:15:00
7f7c341eac10,11:22:30
7f7c341eac10,12:07:30
7f7c341eac70,11:30:00
7f7c341eac70,11:32:15
7f7c341eacd0,11:37:30
7f7c341eacd0,12:47:30
7f7c341ead30,11:45:00
7f7c341ead30,11:47:15
7f7c341ead90,11:52:30
7f7c341ead90,11:54:45
7f7c341eadf0,10:30:00
7f7c341eadf0,11:40:00
7f7c341eae50,10:37:30
7f7c341eae50,11:47:30
7f7c341eaeb0,10:45:00
7f7c341eaeb0,11:25:00
7f7c341eaf10,10:52:30
7f7c341eaf10,11:52:30
7f7c341eaf70,11:00:00
7f7c341eaf70,11:40:00
7f7c341eafd0,11:07:30
7f7c341eafd0,12:07:30
7f7c341ec070,11:15:00
7f7c341ec070,12:00:00
7f7c341ec0d0,11:22:30
7f7c341ec0d0,12:32:30
7f7c341ec130,11:30:00
7f7c341ec130,12:10:00
7f7c341ec190,11:37:30
7f7c341ec190,12:22:30
7f7c341ec1f0,11:45:00
7f7c341ec1f0,12:55:00
7f7c341ec250,11:52:30
7f7c341ec250,13:02:30
7f7c341ec2b0,10:30:00
7f7c341ec2b0,11:40:00
7f7c341ec310,10:37:30
7f7c341ec310,10:39:55
7f7c341ec370,10:45:00
7f7c341ec370,11:25:00
7f7c341ec3d0,10:52:30
7f7c341ec3d0,12:02:30
7f7c341ec430,11:00:00
7f7c341ec430,11:02:25
7f7c341ec490,11:07:30
7f7c341ec490,12:07:30
7f7c341ec4f0,11:15:00
7f7c341ec4f0,12:15:00
7f7c341ec550,11:22:30
7f7c341ec550,11:24:55
7f7c341ec5b0,11:30:00
7f7c341ec5b0,12:40:00
7f7c341ec610,11:37:30
7f7c341ec610,12:37:30
7f7c341ec670,11:45:00
7f7c341ec670,12:25:00
7f7c341ec6d0,11:52:30
7f7c341ec6d0,12:37:30
7f7c341ec730,10:30:00
7f7c341ec730,11:15:00
7f7c341ec790,10:37:30
7f7c341ec790,11:27:30
7f7c341ec7f0,10:45:00
7f7c341ec7f0,11:30:00
7f7c341ec850,10:52:30
7f7c341ec850,10:55:00
7f7c341ec8b0,11:00:00
7f7c341ec8b0,11:45:00
7f7c341ec910,11:07:30
7f7c341ec910,11:57:30
7f7c341ec970,11:15:00
7f7c341ec970,11:17:30
7f7c341ec9d0,11:22:30
7f7c341ec9d0,12:02:30
7f7c341eca30,11:30:00
7f7c341eca30,12:15:00
7f7c341eca90,11:37:30
7f7c341eca90,11:40:00
7f7c341ecaf0,11:45:00
7f7c341ecaf0,12:30:00
7f7c341ecb50,11:52:30
7f7c341ecb50,12:37:30
7f7c341ecbb0,10:30:00
7f7c341ecbb0,10:32:35
7f7c341ecc10,10:37:30
7f7c341ecc10,10:40:05
7f7c341ecc70,10:45:00
7f7c341ecc70,10:47:35
7f7c341eccd0,10:52:30
7f7c341eccd0,11:37:30
7f7c341ecd30,11:00:00
7f7c341ecd30,12:00:00
7f7c341ecd90,11:07:30
7f7c341ecd90,11:10:05
7f7c341ecdf0,11:15:00
7f7c341ecdf0,12:25:00
7f7c341ece50,11:22:30
7f7c341ece50,12:32:30
7f7c341eceb0,11:30:00
7f7c341eceb0,11:32:35
7f7c341ecf10,11:37:30
7f7c341ecf10,12:17:30
7f7c341ecf70,11:45:00
7f7c341ecf70,12:35:00
7f7c341ecfd0,11:52:30
7f7c341ecfd0,11:55:05
7f7c341ee070,10:30:00
7f7c341ee070,10:32:40
7f7c341ee0d0,10:37:30
7f7c341ee0d0,11:47:30
7f7c341ee130,10:45:00
7f7c341ee130,10:47:40
7f7c341ee190,10:52:30
7f7c341ee190,11:42:30
7f7c341ee1f0,11:00:00
7f7c341ee1f0,11:50:00
7f7c341ee250,11:07:30
7f7c341ee250,12:07:30
7f7c341ee2b0,11:15:00
7f7c341ee2b0,12:05:00
7f7c341ee310,11:22:30
7f7c341ee310,12:12:30
7f7c341ee370,11:30:00
7f7c341ee370,12:40:00
7f7c341ee3d0,11:37:30
7f7c341ee3d0,12:37:30
7f7c341ee430,11:45:00
7f7c341ee430,12:45:00
7f7c341ee490,11:52:30
7f7c341ee490,11:55:10
7f7c341ee4f0,10:30:00
7f7c341ee4f0,10:32:45
7f7c341ee550,10:37:30
7f7c341ee550,10:40:15
7f7c341ee5b0,10:45:00
7f7c341ee5b0,11:25:00
7f7c341ee610,10:52:30
7f7c341ee610,11:32:30
7f7c341ee670,11:00:00
7f7c341ee670,12:00:00
7f7c341ee6d0,11:07:30
7f7c341ee6d0,11:47:30
7f7c341ee730,11:15:00
7f7c341ee730,11:17:45
7f7c341ee790,11:22:30
7f7c341ee790,11:25:15
7f7c341ee7f0,11:30:00
7f7c341ee7f0,11:32:45
7f7c341ee850,11:37:30
7f7c341ee850,11:40:15
7f7c341ee8b0,11:45:00
7f7c341ee8b0,12:30:00
7f7c341ee910,11:52:30
7f7c341ee910,12:32:30
7f7c341ee970,10:30:00
7f7c341ee970,11:40:00
7f7c341ee9d0,10:37:30
7f7c341ee9d0,10:40:20
7f7c341eea30,10:45:00
7f7c341eea30,11:55:00
7f7c341eea90,10:52:30
7f7c341eea90,11:52:30
7f7c341eeaf0,11:00:00
7f7c341eeaf0,11:02:50
7f7c341eeb50,11:07:30
7f7c341eeb50,11:52:30
7f7c341eebb0,11:15:00
7f7c341eebb0,12:25:00
7f7c341eec10,11:22:30
7f7c341eec10,12:12:30
7f7c341eec70,11:30:00
7f7c341eec70,11:32:50
7f7c341eecd0,11:37:30
7f7c341eecd0,12:22:30
7f7c341eed30,11:45:00
7f7c341eed30,11:47:50
7f7c341eed90,11:52:30
7f7c341eed90,12:52:30
7f7c341eedf0,10:30:00
7f7c341eedf0,11:20:00
7f7c341eee50,10:37:30
7f7c341eee50,11:37:30
7f7c341eeeb0,10:45:00
7f7c341eeeb0,11:30:00
7f7c341eef10,10:52:30
7f7c341eef10,10:55:25
7f7c341eef70,11:00:00
7f7c341eef70,11:45:00
7f7c341eefd0,11:07:30
7f7c341eefd0,11:10:25
7f7c34170070,11:15:00
7f7c34170070,11:17:55
7f7c341700d0,11:22:30
7f7c341700d0,11:25:25
7f7c34170130,11:30:00
7f7c34170130,12:40:00
7f7c34170190,11:37:30
7f7c34170190,11:40:25
7f7c341701f0,11:45:00
7f7c341701f0,11:47:55
7f7c34170250,11:52:30
7f7c34170250,11:55:25
7f7c341702b0,10:30:00
7f7c341702b0,10:33:00
7f7c34170310,10:37:30
7f7c34170310,10:40:30
7f7c34170370,10:45:00
7f7c34170370,11:30:00
7f7c341703d0,10:52:30
7f7c341703d0,11:42:30
7f7c34170430,11:00:00
7f7c34170430,11:45:00
7f7c34170490,11:07:30
7f7c34170490,11:10:30
7f7c341704f0,11:15:00
7f7c341704f0,11:18:00
7f7c34170550,11:22:30
7f7c34170550,12:02:30
7f7c341705b0,11:30:00
7f7c341705b0,12:10:00
7f7c34170610,11:37:30
7f7c34170610,12:37:30
7f7c34170670,11:45:00
7f7c34170670,12:35:00
7f7c341706d0,11:52:30
7f7c341706d0,11:55:30
7f7c34170730,10:30:00
7f7c34170730,11:10:00
7f7c34170790,10:37:30
7f7c34170790,10:40:35
7f7c341707f0,10:45:00
7f7c341707f0,11:35:00
7f7c34170850,10:52:30
7f7c34170850,12:02:30
7f7c341708b0,11:00:00
7f7c341708b0,11:40:00
7f7c34170910,11:07:30
7f7c34170910,11:10:35
7f7c34170970,11:15:00
7f7c34170970,12:05:00
7f7c341709d0,11:22:30
7f7c341709d0,12:02:30
7f7c34170a30,11:30:00
7f7c34170a30,12:20:00
7f7c34170a90,11:37:30
7f7c34170a90,12:37:30
7f7c34170af0,11:45:00
7f7c34170af0,11:48:05
7f7c34170b50,11:52:30
7f7c34170b50,13:02:30
7f7c34170bb0,10:30:00
7f7c34170bb0,11:15:00
7f7c34170c10,10:37:30
7f7c34170c10,10:40:40
7f7c34170c70,10:45:00
7f7c34170c70,10:48:10
7f7c34170cd0,10:52:30
7f7c34170cd0,12:02:30
7f7c34170d30,11:00:00
7f7c34170d30,11:50:00
7f7c34170d90,11:07:30
7f7c34170d90,11:57:30
7f7c34170df0,11:15:00
7f7c34170df0,11:18:10
7f7c34170e50,11:22:30
7f7c34170e50,12:22:30
7f7c34170eb0,11:30:00
7f7c34170eb0,12:10:00
7f7c34170f10,11:37:30
7f7c34170f10,12:17:30
7f7c34170f70,11:45:00
7f7c34170f70,11:48:10
7f7c34170fd0,11:52:30
7f7c34170fd0,11:55:40
7f7c34172070,10:30:00
7f7c34172070,11:10:00
7f7c341720d0,10:37:30
7f7c341720d0,10:40:45
7f7c34172130,10:45:00
7f7c34172130,11:25:00
7f7c34172190,10:52:30
7f7c34172190,11:52:30
7f7c341721f0,11:00:00
7f7c341721f0,11:45:00
7f7c34172250,11:07:30
7f7c34172250,12:07:30
7f7c341722b0,11:15:00
7f7c341722b0,12:25:00
7f7c34172310,11:22:30
7f7c34172310,12:07:30
7f7c34172370,11:30:00
7f7c34172370,12:40:00
7f7c341723d0,11:37:30
7f7c341723d0,12:47:30
7f7c34172430,11:45:00
7f7c34172430,12:35:00
7f7c34172490,11:52:30
7f7c34172490,12:52:30
7f7c341724f0,10:30:00
7f7c341724f0,10:33:20
7f7c34172550,10:37:30
7f7c34172550,11:37:30
7f7c341725b0,10:45:00
7f7c341725b0,11:35:00
7f7c34172610,10:52:30
7f7c34172610,11:37:30
7f7c34172670,11:00:00
7f7c34172670,11:40:00
7f7c341726d0,11:07:30
7f7c341726d0,11:10:50
7f7c34172730,11:15:00
7f7c34172730,11:55:00
7f7c34172790,11:22:30
7f7c34172790,12:32:30
7f7c341727f0,11:30:00
7f7c341727f0,11:33:20
7f7c34172850,11:37:30
7f7c34172850,12:27:30
7f7c341728b0,11:45:00
7f7c341728b0,12:55:00
7f7c34172910,11:52:30
7f7c34172910,11:55:50
7f7c34172970,10:30:00
7f7c34172970,11:15:00
7f7c341729d0,10:37:30
7f7c341729d0,11:47:30
7f7c34172a30,10:45:00
7f7c34172a30,10:48:25
7f7c34172a90,10:52:30
7f7c34172a90,11:42:30
7f7c34172af0,11:00:00
7f7c34172af0,12:10:00
7f7c34172b50,11:07:30
7f7c34172b50,11:10:55
7f7c34172bb0,11:15:00
7f7c34172bb0,12:05:00
7f7c34172c10,11:22:30
7f7c34172c10,12:22:30
7f7c34172c70,11:30:00
7f7c34172c70,11:33:25
7f7c34172cd0,11:37:30
7f7c34172cd0,12:37:30
7f7c34172d30,11:45:00
7f7c34172d30,12:55:00
7f7c34172d90,11:52:30
7f7c34172d90,13:02:30
7f7c34172df0,10:30:00
7f7c34172df0,11:30:00
7f7c34172e50,10:37:30
7f7c34172e50,11:47:30
7f7c34172eb0,10:45:00
7f7c34172eb0,10:48:30
7f7c34172f10,10:52:30
7f7c34172f10,11:32:30
7f7c34172f70,11:00:00
7f7c34172f70,11:40:00
7f7c34172fd0,11:07:30
7f7c34172fd0,11:47:30
7f7c34174070,11:15:00
7f7c34174070,12:25:00
7f7c341740d0,11:22:30
7f7c341740d0,12:02:30
7f7c34174130,11:30:00
7f7c34174130,12:20:00
7f7c34174190,11:37:30
7f7c34174190,12:17:30
7f7c341741f0,11:45:00
7f7c341741f0,11:48:30
7f7c34174250,11:52:30
7f7c34174250,13:02:30
7f7c341742b0,10:30:00
7f7c341742b0,10:33:35
7f7c34174310,10:37:30
7f7c34174310,11:27:30
7f7c34174370,10:45:00
7f7c34174370,10:48:35
7f7c341743d0,10:52:30
7f7c341743d0,12:02:30
7f7c34174430,11:00:00
7f7c34174430,11:03:35
7f7c34174490,11:07:30
7f7c34174490,11:52:30
7f7c341744f0,11:15:00
7f7c341744f0,12:00:00
7f7c34174550,11:22:30
7f7c34174550,12:02:30
7f7c341745b0,11:30:00
7f7c341745b0,12:20:00
7f7c34174610,11:37:30
7f7c34174610,12:17:30
7f7c34174670,11:45:00
7f7c34174670,12:30:00
7f7c341746d0,11:52:30
7f7c341746d0,12:42:30
7f7c34174730,10:30:00
7f7c34174730,11:20:00
7f7c34174790,10:37:30
7f7c34174790,11:17:30
7f7c341747f0,10:45:00
7f7c341747f0,11:25:00
7f7c34174850,10:52:30
7f7c34174850,10:56:10
7f7c341748b0,11:00:00
7f7c341748b0,11:50:00
7f7c34174910,11:07:30
7f7c34174910,12:17:30
7f7c34174970,11:15:00
7f7c34174970,12:00:00
7f7c341749d0,11:22:30
7f7c341749d0,12:02:30
7f7c34174a30,11:30:00
7f7c34174a30,11:33:40
7f7c34174a90,11:37:30
7f7c34174a90,11:41:10
7f7c34174af0,11:45:00
7f7c34174af0,12:30:00
7f7c34174b50,11:52:30
7f7c34174b50,11:56:10
7f7c34174bb0,10:30:00
7f7c34174bb0,11:20:00
7f7c34174c10,10:37:30
7f7c34174c10,10:41:15
7f7c34174c70,10:45:00
7f7c34174c70,11:30:00
7f7c34174cd0,10:52:30
7f7c34174cd0,10:56:15
7f7c34174d30,11:00:00
7f7c34174d30,11:03:45
7f7c34174d90,11:07:30
7f7c34174d90,12:07:30
7f7c34174df0,11:15:00
7f7c34174df0,12:25:00
7f7c34174e50,11:22:30
7f7c34174e50,12:22:30
7f7c34174eb0,11:30:00
7f7c34174eb0,11:33:45
7f7c34174f10,11:37:30
7f7c34174f10,11:41:15
7f7c34174f70,11:45:00
7f7c34174f70,12:25:00
7f7c34174fd0,11:52:30
7f7c34174fd0,11:56:15
7f7c34176070,10:30:00
7f7c34176070,11:10:00
7f7c341760d0,10:37:30
7f7c341760d0,11:27:30
7f7c34176130,10:45:00
7f7c34176130,11:25:00
7f7c34176190,10:52:30
7f7c34176190,10:56:20
7f7c341761f0,11:00:00
7f7c341761f0,11:45:00
7f7c34176250,11:07:30
7f7c34176250,11:57:30
7f7c341762b0,11:15:00
7f7c341762b0,11:18:50
7f7c34176310,11:22:30
7f7c34176310,12:07:30
7f7c34176370,11:30:00
7f7c34176370,12:20:00
7f7c341763d0,11:37:30
7f7c341763d0,12:47:30
7f7c34176430,11:45:00
7f7c34176430,12:25:00
7f7c34176490,11:52:30
7f7c34176490,11:56:20
7f7c341764f0,10:30:00
7f7c341764f0,11:30:00
7f7c34176550,10:37:30
7f7c34176550,11:37:30
7f7c341765b0,10:45:00
7f7c341765b0,11:25:00
7f7c34176610,10:52:30
7f7c34176610,11:52:30
7f7c34176670,11:00:00
7f7c34176670,11:50:00
7f7c341766d0,11:07:30
7f7c341766d0,11:57:30
7f7c34176730,11:15:00
7f7c34176730,12:25:00
7f7c34176790,11:22:30
7f7c34176790,12:07:30
7f7c341767f0,11:30:00
7f7c341767f0,12:30:00
7f7c34176850,11:37:30
7f7c34176850,12:37:30
7f7c341768b0,11:45:00
7f7c341768b0,12:35:00
7f7c34176910,11:52:30
7f7c34176910,13:02:30
7f7c34176970,10:30:00
7f7c34176970,10:34:00
7f7c341769d0,10:37:30
7f7c341769d0,11:22:30
7f7c34176a30,10:45:00
7f7c34176a30,11:25:00
7f7c34176a90,10:52:30
7f7c34176a90,11:52:30
7f7c34176af0,11:00:00
7f7c34176af0,11:04:00
7f7c34176b50,11:07:30
7f7c34176b50,11:11:30
7f7c34176bb0,11:15:00
7f7c34176bb0,12:00:00
7f7c34176c10,11:22:30
7f7c34176c10,12:32:30
7f7c34176c70,11:30:00
7f7c34176c70,12:30:00
7f7c34176cd0,11:37:30
7f7c34176cd0,11:41:30
7f7c34176d30,11:45:00
7f7c34176d30,11:49:00
7f7c34176d90,11:52:30
7f7c34176d90,11:56:30
7f7c34176df0,10:30:00
7f7c34176df0,11:10:00
7f7c34176e50,10:37:30
7f7c34176e50,10:41:35
7f7c34176eb0,10:45:00
7f7c34176eb0,11:45:00
7f7c34176f10,10:52:30
7f7c34176f10,11:42:30
7f7c34176f70,11:00:00
7f7c34176f70,11:50:00
7f7c34176fd0,11:07:30
7f7c34176fd0,11:57:30
7f7c34178070,11:15:00
7f7c34178070,11:19:05
7f7c341780d0,11:22:30
7f7c341780d0,11:26:35
7f7c34178130,11:30:00
7f7c34178130,12:10:00
7f7c34178190,11:37:30
7f7c34178190,12:27:30
7f7c341781f0,11:45:00
7f7c341781f0,11:49:05
7f7c34178250,11:52:30
7f7c34178250,11:56:35
7f7c341782b0,10:30:00
7f7c341782b0,11:15:00
7f7c34178310,10:37:30
7f7c34178310,11:47:30
7f7c34178370,10:45:00
7f7c34178370,10:49:10
7f7c341783d0,10:52:30
7f7c341783d0,11:37:30
7f7c34178430,11:00:00
7f7c34178430,11:04:10
7f7c34178490,11:07:30
7f7c34178490,11:57:30
7f7c341784f0,11:15:00
7f7c341784f0,12:00:00
7f7c34178550,11:22:30
7f7c34178550,12:02:30
7f7c341785b0,11:30:00
7f7c341785b0,11:34:10
7f7c34178610,11:37:30
7f7c34178610,11:41:40
7f7c34178670,11:45:00
7f7c34178670,11:49:10
7f7c341786d0,11:52:30
7f7c341786d0,12:42:30
7f7c34178730,10:30:00
7f7c34178730,11:40:00
7f7c34178790,10:37:30
7f7c34178790,10:41:45
7f7c341787f0,10:45:00
7f7c341787f0,10:49:15
7f7c34178850,10:52:30
7f7c34178850,10:56:45
7f7c341788b0,11:00:00
7f7c341788b0,11:04:15
7f7c34178910,11:07:30
7f7c34178910,11:11:45
7f7c34178970,11:15:00
7f7c34178970,11:19:15
7f7c341789d0,11:22:30
7f7c341789d0,12:02:30
7f7c34178a30,11:30:00
7f7c34178a30,12:15:00
7f7c34178a90,11:37:30
7f7c34178a90,12:47:30
7f7c34178af0,11:45:00
7f7c34178af0,12:25:00
7f7c34178b50,11:52:30
7f7c34178b50,12:37:30
7f7c34178bb0,10:30:00
7f7c34178bb0,11:15:00
7f7c34178c10,10:37:30
7f7c34178c10,10:41:50
7f7c34178c70,10:45:00
7f7c34178c70,11:55:00
7f7c34178cd0,10:52:30
7f7c34178cd0,11:37:30
7f7c34178d30,11:00:00
7f7c34178d30,11:50:00
7f7c34178d90,11:07:30
7f7c34178d90,11:11:50
7f7c34178df0,11:15:00
7f7c34178df0,11:19:20
7f7c34178e50,11:22:30
7f7c34178e50,12:32:30
7f7c34178eb0,11:30:00
7f7c34178eb0,12:10:00
7f7c34178f10,11:37:30
7f7c34178f10,11:41:50
7f7c34178f70,11:45:00
7f7c34178f70,11:49:20
7f7c34178fd0,11:52:30
7f7c34178fd0,12:52:30
7f7c3417a070,10:30:00
7f7c3417a070,11:20:00
7f7c3417a0d0,10:37:30
7f7c3417a0d0,11:47:30
7f7c3417a130,10:45:00
7f7c3417a130,11:55:00
7f7c3417a190,10:52:30
7f7c3417a190,11:52:30
7f7c3417a1f0,11:00:00
7f7c3417a1f0,11:45:00
7f7c3417a250,11:07:30
7f7c3417a250,11:57:30
7f7c3417a2b0,11:15:00
7f7c3417a2b0,11:19:25
7f7c3417a310,11:22:30
7f7c3417a310,12:07:30
7f7c3417a370,11:30:00
7f7c3417a370,12:15:00
7f7c3417a3d0,11:37:30
7f7c3417a3d0,12:47:30
7f7c3417a430,11:45:00
7f7c3417a430,12:55:00
7f7c3417a490,11:52:30
7f7c3417a490,12:37:30
7f7c3417a4f0,10:30:00
7f7c3417a4f0,11:40:00
7f7c3417a550,10:37:30
7f7c3417a550,11:47:30
7f7c3417a5b0,10:45:00
7f7c3417a5b0,10:49:30
7f7c3417a610,10:52:30
7f7c3417a610,11:42:30
7f7c3417a670,11:00:00
7f7c3417a670,12:10:00
7f7c3417a6d0,11:07:30
7f7c3417a6d0,11:12:00
7f7c3417a730,11:15:00
7f7c3417a730,11:55:00
7f7c3417a790,11:22:30
7f7c3417a790,11:27:00
7f7c3417a7f0,11:30:00
7f7c3417a7f0,12:30:00
7f7c3417a850,11:37:30
7f7c3417a850,12:17:30
7f7c3417a8b0,11:45:00
7f7c3417a8b0,12:55:00
7f7c3417a910,11:52:30
7f7c3417a910,11:57:00
7f7c3417a970,10:30:00
7f7c3417a970,11:40:00
7f7c3417a9d0,10:37:30
7f7c3417a9d0,10:42:05
7f7c3417aa30,10:45:00
7f7c3417aa30,11:35:00
7f7c3417aa90,10:52:30
7f7c3417aa90,11:52:30
7f7c3417aaf0,11:00:00
7f7c3417aaf0,11:40:00
7f7c3417ab50,11:07:30
7f7c3417ab50,11:12:05
7f7c3417abb0,11:15:00
7f7c3417abb0,11:19:35
7f7c3417ac10,11:22:30
7f7c3417ac10,12:22:30
7f7c3417ac70,11:30:00
7f7c3417ac70,12:40:00
7f7c3417acd0,11:37:30
7f7c3417acd0,12:47:30
7f7c3417ad30,11:45:00
7f7c3417ad30,11:49:35
7f7c3417ad90,11:52:30
7f7c3417ad90,11:57:05
7f7c3417adf0,10:30:00
7f7c3417adf0,11:30:00
7f7c3417ae50,10:37:30
7f7c3417ae50,11:37:30
7f7c3417aeb0,10:45:00
7f7c3417aeb0,10:49:40
7f7c3417af10,10:52:30
7f7c3417af10,12:02:30
7f7c3417af70,11:00:00
7f7c3417af70,12:00:00
7f7c3417afd0,11:07:30
7f7c3417afd0,12:07:30
7f7c3417c070,11:15:00
7f7c3417c070,12:05:00
7f7c3417c0d0,11:22:30
7f7c3417c0d0,12:02:30
7f7c3417c130,11:30:00
7f7c3417c130,11:34:40
7f7c3417c190,11:37:30
7f7c3417c190,12:47:30
7f7c3417c1f0,11:45:00
7f7c3417c1f0,11:49:40
7f7c3417c250,11:52:30
7f7c3417c250,11:57:10
7f7c3417c2b0,10:30:00
7f7c3417c2b0,10:34:45
7f7c3417c310,10:37:30
7f7c3417c310,11:17:30
7f7c3417c370,10:45:00
7f7c3417c370,11:45:00
7f7c3417c3d0,10:52:30
7f7c3417c3d0,11:52:30
7f7c3417c430,11:00:00
7f7c3417c430,11:45:00
7f7c3417c490,11:07:30
7f7c3417c490,11:57:30
7f7c3417c4f0,11:15:00
7f7c3417c4f0,12:00:00
7f7c3417c550,11:22:30
7f7c3417c550,12:12:30
7f7c3417c5b0,11:30:00
7f7c3417c5b0,12:40:00
7f7c3417c610,11:37:30
7f7c3417c610,12:17:30
7f7c3417c670,11:45:00
7f7c3417c670,12:25:00
7f7c3417c6d0,11:52:30
7f7c3417c6d0,13:02:30
7f7c3417c730,10:30:00
7f7c3417c730,11:15:00
7f7c3417c790,10:37:30
7f7c3417c790,11:27:30
7f7c3417c7f0,10:45:00
7f7c3417c7f0,11:55:00
7f7c3417c850,10:52:30
7f7c3417c850,11:52:30
7f7c3417c8b0,11:00:00
7f7c3417c8b0,11:50:00
7f7c3417c910,11:07:30
7f7c3417c910,12:07:30
7f7c3417c970,11:15:00
7f7c3417c970,12:15:00
7f7c3417c9d0,11:22:30
7f7c3417c9d0,12:02:30
7f7c3417ca30,11:30:00
7f7c3417ca30,12:20:00
7f7c3417ca90,11:37:30
7f7c3417ca90,12:37:30
7f7c3417caf0,11:45:00
7f7c3417caf0,12:35:00
7f7c3417cb50,11:52:30
7f7c3417cb50,13:02:30
7f7c3417cbb0,10:30:00
7f7c3417cbb0,11:10:00
7f7c3417cc10,10:37:30
7f7c3417cc10,10:42:25
7f7c3417cc70,10:45:00
7f7c3417cc70,11:30:00
7f7c3417ccd0,10:52:30
7f7c3417ccd0,10:57:25
7f7c3417cd30,11:00:00
7f7c3417cd30,12:10:00
7f7c3417cd90,11:07:30
7f7c3417cd90,12:07:30
7f7c3417cdf0,11:15:00
7f7c3417cdf0,11:19:55
7f7c3417ce50,11:22:30
7f7c3417ce50,12:32:30
7f7c3417ceb0,11:30:00
7f7c3417ceb0,12:10:00
7f7c3417cf10,11:37:30
7f7c3417cf10,12:37:30
7f7c3417cf70,11:45:00
7f7c3417cf70,11:49:55
7f7c3417cfd0,11:52:30
7f7c3417cfd0,11:57:25
7f7c3417e070,10:30:00
7f7c3417e070,11:20:00
7f7c3417e0d0,10:37:30
7f7c3417e0d0,10:42:30
7f7c3417e130,10:45:00
7f7c3417e130,11:35:00
7f7c3417e190,10:52:30
7f7c3417e190,11:37:30
7f7c3417e1f0,11:00:00
7f7c3417e1f0,11:50:00
7f7c3417e250,11:07:30
7f7c3417e250,12:17:30
7f7c3417e2b0,11:15:00
7f7c3417e2b0,12:15:00
7f7c3417e310,11:22:30
7f7c3417e310,11:27:30
7f7c3417e370,11:30:00
7f7c3417e370,12:15:00
7f7c3417e3d0,11:37:30
7f7c3417e3d0,12:47:30
7f7c3417e430,11:45:00
7f7c3417e430,12:35:00
7f7c3417e490,11:52:30
7f7c3417e490,11:57:30
7f7c3417e4f0,10:30:00
7f7c3417e4f0,10:35:05
7f7c3417e550,10:37:30
7f7c3417e550,11:17:30
7f7c3417e5b0,10:45:00
7f7c3417e5b0,11:25:00
7f7c3417e610,10:52:30
7f7c3417e610,10:57:35
7f7c3417e670,11:00:00
7f7c3417e670,11:50:00
7f7c3417e6d0,11:07:30
7f7c3417e6d0,11:57:30
7f7c3417e730,11:15:00
7f7c3417e730,12:25:00
7f7c3417e790,11:22:30
7f7c3417e790,12:02:30
7f7c3417e7f0,11:30:00
7f7c3417e7f0,11:35:05
7f7c3417e850,11:37:30
7f7c3417e850,12:17:30
7f7c3417e8b0,11:45:00
7f7c3417e8b0,11:50:05
7f7c3417e910,11:52:30
7f7c3417e910,12:32:30
7f7c3417e970,10:30:00
7f7c3417e970,11:30:00
7f7c3417e9d0,10:37:30
7f7c3417e9d0,10:42:40
7f7c3417ea30,10:45:00
7f7c3417ea30,11:30:00
7f7c3417ea90,10:52:30
7f7c3417ea90,11:37:30
7f7c3417eaf0,11:00:00
7f7c3417eaf0,11:05:10
7f7c3417eb50,11:07:30
7f7c3417eb50,11:12:40
7f7c3417ebb0,11:15:00
7f7c3417ebb0,12:05:00
7f7c3417ec10,11:22:30
7f7c3417ec10,12:07:30
7f7c3417ec70,11:30:00
7f7c3417ec70,12:10:00
7f7c3417ecd0,11:37:30
7f7c3417ecd0,11:42:40
7f7c3417ed30,11:45:00
7f7c3417ed30,11:50:10
7f7c3417ed90,11:52:30
7f7c3417ed90,12:52:30
7f7c3417edf0,10:30:00
7f7c3417edf0,10:35:15
7f7c3417ee50,10:37:30
7f7c3417ee50,11:37:30
7f7c3417eeb0,10:45:00
7f7c3417eeb0,11:25:00
7f7c3417ef10,10:52:30
7f7c3417ef10,11:42:30
7f7c3417ef70,11:00:00
7f7c3417ef70,12:00:00
7f7c3417efd0,11:07:30
7f7c3417efd0,11:12:45
7f7c34180070,11:15:00
7f7c34180070,11:20:15
7f7c341800d0,11:22:30
7f7c341800d0,11:27:45
7f7c34180130,11:30:00
7f7c34180130,12:30:00
7f7c34180190,11:37:30
7f7c34180190,12:27:30
7f7c341801f0,11:45:00
7f7c341801f0,12:55:00
7f7c34180250,11:52:30
7f7c34180250,13:02:30
7f7c341802b0,10:30:00
7f7c341802b0,10:35:20
7f7c34180310,10:37:30
7f7c34180310,11:22:30
7f7c34180370,10:45:00
7f7c34180370,11:30:00
7f7c341803d0,10:52:30
7f7c341803d0,12:02:30
7f7c34180430,11:00:00
7f7c34180430,11:05:20
7f7c34180490,11:07:30
7f7c34180490,12:17:30
7f7c341804f0,11:15:00
7f7c341804f0,11:20:20
7f7c34180550,11:22:30
7f7c34180550,12:12:30
7f7c341805b0,11:30:00
7f7c341805b0,11:35:20
7f7c34180610,11:37:30
7f7c34180610,11:42:50
7f7c34180670,11:45:00
7f7c34180670,12:55:00
7f7c341806d0,11:52:30
7f7c341806d0,12:52:30
7f7c34180730,10:30:00
7f7c34180730,11:30:00
7f7c34180790,10:37:30
7f7c34180790,10:42:55
7f7c341807f0,10:45:00
7f7c341807f0,11:35:00
7f7c34180850,10:52:30
7f7c34180850,11:37:30
7f7c341808b0,11:00:00
7f7c341808b0,12:10:00
7f7c34180910,11:07:30
7f7c34180910,11:47:30
7f7c34180970,11:15:00
7f7c34180970,12:00:00
7f7c341809d0,11:22:30
7f7c341809d0,12:02:30
7f7c34180a30,11:30:00
7f7c34180a30,11:35:25
7f7c34180a90,11:37:30
7f7c34180a90,11:42:55
7f7c34180af0,11:45:00
7f7c34180af0,12:30:00
7f7c34180b50,11:52:30
7f7c34180b50,11:57:55
7f7c34180bb0,10:30:00
7f7c34180bb0,11:40:00
7f7c34180c10,10:37:30
7f7c34180c10,11:22:30
7f7c34180c70,10:45:00
7f7c34180c70,11:30:00
7f7c34180cd0,10:52:30
7f7c34180cd0,11:32:30
7f7c34180d30,11:00:00
7f7c34180d30,11:05:30
7f7c34180d90,11:07:30
7f7c34180d90,11:13:00
7f7c34180df0,11:15:00
7f7c34180df0,12:00:00
7f7c34180e50,11:22:30
7f7c34180e50,12:22:30
7f7c34180eb0,11:30:00
7f7c34180eb0,11:35:30
7f7c34180f10,11:37:30
7f7c34180f10,12:27:30
7f7c34180f70,11:45:00
7f7c34180f70,12:45:00
7f7c34180fd0,11:52:30
7f7c34180fd0,12:52:30
7f7c34182070,10:30:00
7f7c34182070,11:40:00
7f7c341820d0,10:37:30
7f7c341820d0,11:17:30
7f7c34182130,10:45:00
7f7c34182130,11:30:00
7f7c34182190,10:52:30
7f7c34182190,11:32:30
7f7c341821f0,11:00:00
7f7c341821f0,11:05:35
7f7c34182250,11:07:30
7f7c34182250,11:57:30
7f7c341822b0,11:15:00
7f7c341822b0,12:15:00
7f7c34182310,11:22:30
7f7c34182310,12:07:30
7f7c34182370,11:30:00
7f7c34182370,12:40:00
7f7c341823d0,11:37:30
7f7c341823d0,11:43:05
7f7c34182430,11:45:00
7f7c34182430,11:50:35
7f7c34182490,11:52:30
7f7c34182490,13:02:30
7f7c341824f0,10:30:00
7f7c341824f0,11:40:00
7f7c34182550,10:37:30
7f7c34182550,11:22:30
7f7c341825b0,10:45:00
7f7c341825b0,11:30:00
7f7c34182610,10:52:30
7f7c34182610,10:58:10
7f7c34182670,11:00:00
7f7c34182670,11:40:00
7f7c341826d0,11:07:30
7f7c341826d0,12:17:30
7f7c34182730,11:15:00
7f7c34182730,12:15:00
7f7c34182790,11:22:30
7f7c34182790,11:28:10
7f7c341827f0,11:30:00
7f7c341827f0,12:30:00
7f7c34182850,11:37:30
7f7c34182850,12:22:30
7f7c341828b0,11:45:00
7f7c341828b0,12:30:00
7f7c34182910,11:52:30
7f7c34182910,11:58:10
7f7c34182970,10:30:00
7f7c34182970,11:40:00
7f7c341829d0,10:37:30
7f7c341829d0,11:37:30
7f7c34182a30,10:45:00
7f7c34182a30,10:50:45
7f7c34182a90,10:52:30
7f7c34182a90,11:32:30
7f7c34182af0,11:00:00
7f7c34182af0,11:05:45
7f7c34182b50,11:07:30
7f7c34182b50,11:13:15
7f7c34182bb0,11:15:00
7f7c34182bb0,11:20:45
7f7c34182c10,11:22:30
7f7c34182c10,11:28:15
7f7c34182c70,11:30:00
7f7c34182c70,11:35:45
7f7c34182cd0,11:37:30
7f7c34182cd0,12:22:30
7f7c34182d30,11:45:00
7f7c34182d30,12:55:00
7f7c34182d90,11:52:30
7f7c34182d90,12:32:30
7f7c34182df0,10:30:00
7f7c34182df0,11:30:00
7f7c34182e50,10:37:30
7f7c34182e50,11:17:30
7f7c34182eb0,10:45:00
7f7c34182eb0,10:50:50
7f7c34182f10,10:52:30
7f7c34182f10,11:52:30
7f7c34182f70,11:00:00
7f7c34182f70,12:00:00
7f7c34182fd0,11:07:30
7f7c34182fd0,11:13:20
7f7c34184070,11:15:00
7f7c34184070,12:05:00
7f7c341840d0,11:22:30
7f7c341840d0,11:28:20
7f7c34184130,11:30:00
7f7c34184130,12:10:00
7f7c34184190,11:37:30
7f7c34184190,12:17:30
7f7c341841f0,11:45:00
7f7c341841f0,12:55:00
7f7c34184250,11:52:30
7f7c34184250,13:02:30
7f7c341842b0,10:30:00
7f7c341842b0,11:15:00
7f7c34184310,10:37:30
7f7c34184310,10:43:25
7f7c34184370,10:45:00
7f7c34184370,11:45:00
7f7c341843d0,10:52:30
7f7c341843d0,11:42:30
7f7c34184430,11:00:00
7f7c34184430,11:05:55
7f7c34184490,11:07:30
7f7c34184490,12:07:30
7f7c341844f0,11:15:00
7f7c341844f0,12:05:00
7f7c34184550,11:22:30
7f7c34184550,12:07:30
7f7c341845b0,11:30:00
7f7c341845b0,12:30:00
7f7c34184610,11:37:30
7f7c34184610,12:27:30
7f7c34184670,11:45:00
7f7c34184670,12:30:00
7f7c341846d0,11:52:30
7f7c341846d0,12:42:30
7f7c34184730,10:30:00
7f7c34184730,11:10:00
7f7c34184790,10:37:30
7f7c34184790,11:37:30
7f7c341847f0,10:45:00
7f7c341847f0,10:51:00
7f7c34184850,10:52:30
7f7c34184850,11:32:30
7f7c341848b0,11:00:00
7f7c341848b0,12:00:00
7f7c34184910,11:07:30
7f7c34184910,12:07:30
7f7c34184970,11:15:00
7f7c34184970,11:21:00
7f7c341849d0,11:22:30
7f7c341849d0,11:28:30
7f7c34184a30,11:30:00
7f7c34184a30,11:36:00
7f7c34184a90,11:37:30
7f7c34184a90,12:22:30
7f7c34184af0,11:45:00
7f7c34184af0,12:30:00
7f7c34184b50,11:52:30
7f7c34184b50,12:32:30
7f7c34184bb0,10:30:00
7f7c34184bb0,10:36:05
7f7c34184c10,10:37:30
7f7c34184c10,10:43:35
7f7c34184c70,10:45:00
7f7c34184c70,11:55:00
7f7c34184cd0,10:52:30
7f7c34184cd0,10:58:35
7f7c34184d30,11:00:00
7f7c34184d30,11:06:05
7f7c34184d90,11:07:30
7f7c34184d90,11:13:35
7f7c34184df0,11:15:00
7f7c34184df0,12:00:00
7f7c34184e50,11:22:30
7f7c34184e50,11:28:35
7f7c34184eb0,11:30:00
7f7c34184eb0,12:20:00
7f7c34184f10,11:37:30
7f7c34184f10,12:37:30
7f7c34184f70,11:45:00
7f7c34184f70,12:30:00
7f7c34184fd0,11:52:30
7f7c34184fd0,12:32:30
7f7c34186070,10:30:00
7f7c34186070,10:36:10
7f7c341860d0,10:37:30
7f7c341860d0,10:43:40
7f7c34186130,10:45:00
7f7c34186130,10:51:10
7f7c34186190,10:52:30
7f7c34186190,11:32:30
7f7c341861f0,11:00:00
7f7c341861f0,12:00:00
7f7c34186250,11:07:30
7f7c34186250,11:13:40
7f7c341862b0,11:15:00
7f7c341862b0,12:25:00
7f7c34186310,11:22:30
7f7c34186310,11:28:40
7f7c34186370,11:30:00
7f7c34186370,12:40:00
7f7c341863d0,11:37:30
7f7c341863d0,12:22:30
7f7c34186430,11:45:00
7f7c34186430,11:51:10
7f7c34186490,11:52:30
7f7c34186490,11:58:40
7f7c341864f0,10:30:00
7f7c341864f0,11:40:00
7f7c34186550,10:37:30
7f7c34186550,11:22:30
7f7c341865b0,10:45:00
7f7c341865b0,10:51:15
7f7c34186610,10:52:30
7f7c34186610,11:37:30
7f7c34186670,11:00:00
7f7c34186670,11:06:15
7f7c341866d0,11:07:30
7f7c341866d0,11:52:30
7f7c34186730,11:15:00
7f7c34186730,12:15:00
7f7c34186790,11:22:30
7f7c34186790,12:32:30
7f7c341867f0,11:30:00
7f7c341867f0,11:36:15
7f7c34186850,11:37:30
7f7c34186850,11:43:45
7f7c341868b0,11:45:00
7f7c341868b0,11:51:15
7f7c34186910,11:52:30
7f7c34186910,11:58:45
7f7c34186970,10:30:00
7f7c34186970,11:40:00
7f7c341869d0,10:37:30
7f7c341869d0,10:43:50
7f7c34186a30,10:45:00
7f7c34186a30,11:35:00
7f7c34186a90,10:52:30
7f7c34186a90,11:52:30
7f7c34186af0,11:00:00
7f7c34186af0,11:40:00
7f7c34186b50,11:07:30
7f7c34186b50,11:13:50
7f7c34186bb0,11:15:00
7f7c34186bb0,12:25:00
7f7c34186c10,11:22:30
7f7c34186c10,12:02:30
7f7c34186c70,11:30:00
7f7c34186c70,12:20:00
7f7c34186cd0,11:37:30
7f7c34186cd0,11:43:50
7f7c34186d30,11:45:00
7f7c34186d30,12:25:00
7f7c34186d90,11:52:30
7f7c34186d90,11:58:50
7f7c34186df0,10:30:00
7f7c34186df0,11:10:00
7f7c34186e50,10:37:30
7f7c34186e50,11:27:30
7f7c34186eb0,10:45:00
7f7c34186eb0,11:35:00
7f7c34186f10,10:52:30
7f7c34186f10,10:58:55
7f7c34186f70,11:00:00
7f7c34186f70,11:06:25
7f7c34186fd0,11:07:30
7f7c34186fd0,11:13:55
7f7c34188070,11:15:00
7f7c34188070,11:55:00
7f7c341880d0,11:22:30
7f7c341880d0,11:28:55
7f7c34188130,11:30:00
7f7c34188130,12:15:00
7f7c34188190,11:37:30
7f7c34188190,11:43:55
7f7c341881f0,11:45:00
7f7c341881f0,12:45:00
7f7c34188250,11:52:30
7f7c34188250,11:58:55
7f7c341882b0,10:30:00
7f7c341882b0,11:30:00
7f7c34188310,10:37:30
7f7c34188310,11:22:30
7f7c34188370,10:45:00
7f7c34188370,11:45:00
7f7c341883d0,10:52:30
7f7c341883d0,10:59:00
7f7c34188430,11:00:00
7f7c34188430,11:40:00
7f7c34188490,11:07:30
7f7c34188490,11:14:00
7f7c341884f0,11:15:00
7f7c341884f0,11:21:30
7f7c34188550,11:22:30
7f7c34188550,12:07:30
7f7c341885b0,11:30:00
7f7c341885b0,12:20:00
7f7c34188610,11:37:30
7f7c34188610,11:44:00
7f7c34188670,11:45:00
7f7c34188670,12:55:00
7f7c341886d0,11:52:30
7f7c341886d0,12:52:30
7f7c34188730,10:30:00
7f7c34188730,11:40:00
7f7c34188790,10:37:30
7f7c34188790,10:44:05
7f7c341887f0,10:45:00
7f7c341887f0,11:30:00
7f7c34188850,10:52:30
7f7c34188850,10:59:05
7f7c341888b0,11:00:00
7f7c341888b0,11:06:35
7f7c34188910,11:07:30
7f7c34188910,11:14:05
7f7c34188970,11:15:00
7f7c34188970,11:21:35
7f7c341889d0,11:22:30
7f7c341889d0,11:29:05
7f7c34188a30,11:30:00
7f7c34188a30,11:36:35
7f7c34188a90,11:37:30
7f7c34188a90,12:37:30
7f7c34188af0,11:45:00
7f7c34188af0,12:25:00
7f7c34188b50,11:52:30
7f7c34188b50,12:32:30
7f7c34188bb0,10:30:00
7f7c34188bb0,11:40:00
7f7c34188c10,10:37:30
7f7c34188c10,11:22:30
7f7c34188c70,10:45:00
7f7c34188c70,11:25:00
7f7c34188cd0,10:52:30
7f7c34188cd0,11:52:30
7f7c34188d30,11:00:00
7f7c34188d30,11:50:00
7f7c34188d90,11:07:30
7f7c34188d90,12:17:30
7f7c34188df0,11:15:00
7f7c34188df0,12:25:00
7f7c34188e50,11:22:30
7f7c34188e50,12:07:30
7f7c34188eb0,11:30:00
7f7c34188eb0,11:36:40
7f7c34188f10,11:37:30
7f7c34188f10,12:17:30
7f7c34188f70,11:45:00
7f7c34188f70,12:25:00
7f7c34188fd0,11:52:30
7f7c34188fd0,12:52:30
7f7c3418a070,10:30:00
7f7c3418a070,11:15:00
7f7c3418a0d0,10:37:30
7f7c3418a0d0,10:44:15
7f7c3418a130,10:45:00
7f7c3418a130,11:30:00
7f7c3418a190,10:52:30
7f7c3418a190,11:42:30
7f7c3418a1f0,11:00:00
7f7c3418a1f0,11:06:45
7f7c3418a250,11:07:30
7f7c3418a250,11:14:15
7f7c3418a2b0,11:15:00
7f7c3418a2b0,11:21:45
7f7c3418a310,11:22:30
7f7c3418a310,12:02:30
7f7c3418a370,11:30:00
7f7c3418a370,11:36:45
7f7c3418a3d0,11:37:30
7f7c3418a3d0,11:44:15
7f7c3418a430,11:45:00
7f7c3418a430,11:51:45
7f7c3418a490,11:52:30
7f7c3418a490,12:37:30
7f7c3418a4f0,10:30:00
7f7c3418a4f0,11:10:00
7f7c3418a550,10:37:30
7f7c3418a550,10:44:20
7f7c3418a5b0,10:45:00
7f7c3418a5b0,10:51:50
7f7c3418a610,10:52:30
7f7c3418a610,12:02:30
7f7c3418a670,11:00:00
7f7c3418a670,12:10:00
7f7c3418a6d0,11:07:30
7f7c3418a6d0,12:07:30
7f7c3418a730,11:15:00
7f7c3418a730,12:05:00
7f7c3418a790,11:22:30
7f7c3418a790,12:07:30
7f7c3418a7f0,11:30:00
7f7c3418a7f0,11:36:50
7f7c3418a850,11:37:30
7f7c3418a850,11:44:20
7f7c3418a8b0,11:45:00
7f7c3418a8b0,11:51:50
7f7c3418a910,11:52:30
7f7c3418a910,12:52:30
7f7c3418a970,10:30:00
7f7c3418a970,11:20:00
7f7c3418a9d0,10:37:30
7f7c3418a9d0,11:37:30
7f7c3418aa30,10:45:00
7f7c3418aa30,11:30:00
7f7c3418aa90,10:52:30
7f7c3418aa90,12:02:30
7f7c3418aaf0,11:00:00
7f7c3418aaf0,11:50:00
7f7c3418ab50,11:07:30
7f7c3418ab50,11:47:30
7f7c3418abb0,11:15:00
7f7c3418abb0,12:05:00
7f7c3418ac10,11:22:30
7f7c3418ac10,12:07:30
7f7c3418ac70,11:30:00
7f7c3418ac70,12:15:00
7f7c3418acd0,11:37:30
7f7c3418acd0,12:37:30
7f7c3418ad30,11:45:00
7f7c3418ad30,12:30:00
7f7c3418ad90,11:52:30
7f7c3418ad90,11:59:25
