UUID,Time_in,Time_out
7fbcc4127490,10:30:00,11:30:00
7fbcc41277c0,10:35:00,11:35:00
7fbcc41277f0,10:40:00,11:40:00
7fbcc4127850,10:45:00,10:45:45
7fbcc41278b0,10:50:00,11:50:00
7fbcc4127910,10:55:00,11:45:00
7fbcc4127970,11:00:00,11:00:45
7fbcc41279d0,11:05:00,11:50:00
7fbcc4127a30,11:10:00,11:55:00
7fbcc4127a90,11:15:00,11:15:45
7fbcc4127af0,11:20:00,12:30:00
7fbcc4127b50,11:25:00,12:10:00
7fbcc4127bb0,11:30:00,12:40:00
7fbcc4127c10,11:35:00,12:20:00
7fbcc4127c70,11:40:00,11:40:45
7fbcc4127cd0,11:45:00,12:30:00
7fbcc4127d30,11:50:00,12:50:00
7fbcc4127d90,11:55:00,12:45:00
7fbcc4127df0,12:00:00,12:00:45
7fbcc4127e50,12:05:00,12:05:45
7fbcc4127eb0,10:30:00,10:30:49
7fbcc4127f10,10:35:00,11:15:00
7fbcc4127f70,10:40:00,11:40:00
7fbcc4127fd0,10:45:00,11:45:00
7fbcc412b070,10:50:00,11:40:00
7fbcc412b0d0,10:55:00,10:55:49
7fbcc412b130,11:00:00,11:50:00
7fbcc412b190,11:05:00,11:05:49
7fbcc412b1f0,11:10:00,11:50:00
7fbcc412b250,11:15:00,12:25:00
7fbcc412b2b0,11:20:00,11:20:49
7fbcc412b310,11:25:00,12:10:00
7fbcc412b370,11:30:00,12:15:00
7fbcc412b3d0,11:35:00,11:35:49
7fbcc412b430,11:40:00,12:50:00
7fbcc412b490,11:45:00,12:35:00
7fbcc412b4f0,11:50:00,11:50:49
7fbcc412b550,11:55:00,12:35:00
7fbcc412b5b0,12:00:00,12:50:00
7fbcc412b610,12:05:00,12:05:49
7fbcc412b670,10:30:00,10:30:53
7fbcc412b6d0,10:35:00,11:45:00
7fbcc412b730,10:40:00,11:40:00
7fbcc412b790,10:45:00,11:30:00
7fbcc412b7f0,10:50:00,11:30:00
7fbcc412b850,10:55:00,11:40:00
7fbcc412b8b0,11:00:00,12:00:00
7fbcc412b910,11:05:00,11:50:00
7fbcc412b970,11:10:00,12:10:00
7fbcc412b9d0,11:15:00,12:00:00
7fbcc412ba30,11:20:00,11:20:53
7fbcc412ba90,11:25:00,11:25:53
7fbcc412baf0,11:30:00,12:15:00
7fbcc412bb50,11:35:00,11:35:53
7fbcc412bbb0,11:40:00,12:25:00
7fbcc412bc10,11:45:00,12:55:00
7fbcc412bc70,11:50:00,12:40:00
7fbcc412bcd0,11:55:00,13:05:00
7fbcc412bd30,12:00:00,12:00:53
7fbcc412bd90,12:05:00,12:05:53
7fbcc412bdf0,10:30:00,11:20:00
7fbcc412be50,10:35:00,11:35:00
7fbcc412beb0,10:40:00,11:25:00
7fbcc412bf10,10:45:00,11:25:00
7fbcc412bf70,10:50:00,11:50:00
7fbcc412bfd0,10:55:00,10:55:57
7fbcc412c070,11:00:00,11:00:57
7fbcc412c0d0,11:05:00,11:50:00
7fbcc412c130,11:10:00,12:20:00
7fbcc412c190,11:15:00,11:15:57
7fbcc412c1f0,11:20:00,12:20:00
7fbcc412c250,11:25:00,12:15:00
7fbcc412c2b0,11:30:00,12:40:00
7fbcc412c310,11:35:00,12:25:00
7fbcc412c370,11:40:00,11:40:57
7fbcc412c3d0,11:45:00,11:45:57
7fbcc412c430,11:50:00,13:00:00
7fbcc412c490,11:55:00,12:35:00
7fbcc412c4f0,12:00:00,13:00:00
7fbcc412c550,12:05:00,12:05:57
7fbcc412c5b0,10:30:00,10:31:01
7fbcc412c610,10:35:00,11:35:00
7fbcc412c670,10:40:00,11:20:00
7fbcc412c6d0,10:45:00,11:45:00
7fbcc412c730,10:50:00,11:35:00
7fbcc412c790,10:55:00,11:55:00
7fbcc412c7f0,11:00:00,11:40:00
7fbcc412c850,11:05:00,11:45:00
7fbcc412c8b0,11:10:00,11:11:01
7fbcc412c910,11:15:00,12:05:00
7fbcc412c970,11:20:00,12:05:00
7fbcc412c9d0,11:25:00,12:35:00
7fbcc412ca30,11:30:00,12:30:00
7fbcc412ca90,11:35:00,11:36:01
7fbcc412caf0,11:40:00,11:41:01
7fbcc412cb50,11:45:00,11:46:01
7fbcc412cbb0,11:50:00,11:51:01
7fbcc412cc10,11:55:00,12:55:00
7fbcc412cc70,12:00:00,12:50:00
7fbcc412ccd0,12:05:00,12:50:00
7fbcc412cd30,10:30:00,11:10:00
7fbcc412cd90,10:35:00,10:36:05
7fbcc412cdf0,10:40:00,11:40:00
7fbcc412ce50,10:45:00,10:46:05
7fbcc412ceb0,10:50:00,12:00:00
7fbcc412cf10,10:55:00,10:56:05
7fbcc412cf70,11:00:00,11:50:00
7fbcc412cfd0,11:05:00,11:55:00
7fbcc412e070,11:10:00,12:20:00
7fbcc412e0d0,11:15:00,11:55:00
7fbcc412e130,11:20:00,11:21:05
7fbcc412e190,11:25:00,11:26:05
7fbcc412e1f0,11:30:00,12:30:00
7fbcc412e250,11:35:00,12:20:00
7fbcc412e2b0,11:40:00,12:30:00
7fbcc412e310,11:45:00,11:46:05
7fbcc412e370,11:50:00,11:51:05
7fbcc412e3d0,11:55:00,12:35:00
7fbcc412e430,12:00:00,13:00:00
7fbcc412e490,12:05:00,12:06:05
7fbcc412e4f0,10:30:00,11:10:00
7fbcc412e550,10:35:00,11:35:00
7fbcc412e5b0,10:40:00,10:41:09
7fbcc412e610,10:45:00,11:25:00
7fbcc412e670,10:50:00,11:35:00
7fbcc412e6d0,10:55:00,10:56:09
7fbcc412e730,11:00:00,12:00:00
7fbcc412e790,11:05:00,11:55:00
7fbcc412e7f0,11:10:00,11:11:09
7fbcc412e850,11:15:00,12:05:00
7fbcc412e8b0,11:20:00,12:30:00
7fbcc412e910,11:25:00,11:26:09
7fbcc412e970,11:30:00,12:20:00
7fbcc412e9d0,11:35:00,12:45:00
7fbcc412ea30,11:40:00,11:41:09
7fbcc412ea90,11:45:00,11:46:09
7fbcc412eaf0,11:50:00,11:51:09
7fbcc412eb50,11:55:00,12:45:00
7fbcc412ebb0,12:00:00,13:10:00
7fbcc412ec10,12:05:00,13:15:00
7fbcc412ec70,10:30:00,11:10:00
7fbcc412ecd0,10:35:00,11:15:00
7fbcc412ed30,10:40:00,10:41:13
7fbcc412ed90,10:45:00,11:30:00
7fbcc412edf0,10:50:00,10:51:13
7fbcc412ee50,10:55:00,11:40:00
7fbcc412eeb0,11:00:00,11:01:13
7fbcc412ef10,11:05:00,11:50:00
7fbcc412ef70,11:10:00,11:11:13
7fbcc412efd0,11:15:00,12:15:00
7fbcc4131070,11:20:00,11:21:13
7fbcc41310d0,11:25:00,12:10:00
7fbcc4131130,11:30:00,12:15:00
7fbcc4131190,11:35:00,12:35:00
7fbcc41311f0,11:40:00,11:41:13
7fbcc4131250,11:45:00,12:25:00
7fbcc41312b0,11:50:00,12:30:00
7fbcc4131310,11:55:00,12:55:00
7fbcc4131370,12:00:00,12:40:00
7fbcc41313d0,12:05:00,12:06:13
7fbcc4131430,10:30:00,11:30:00
7fbcc4131490,10:35:00,10:36:17
7fbcc41314f0,10:40:00,11:30:00
7fbcc4131550,10:45:00,11:45:00
7fbcc41315b0,10:50:00,11:40:00
7fbcc4131610,10:55:00,10:56:17
7fbcc4131670,11:00:00,11:45:00
7fbcc41316d0,11:05:00,12:05:00
7fbcc4131730,11:10:00,12:00:00
7fbcc4131790,11:15:00,12:05:00
7fbcc41317f0,11:20:00,11:21:17
7fbcc4131850,11:25:00,12:10:00
7fbcc41318b0,11:30:00,12:30:00
7fbcc4131910,11:35:00,11:36:17
7fbcc4131970,11:40:00,12:20:00
7fbcc41319d0,11:45:00,11:46:17
7fbcc4131a30,11:50:00,12:35:00
7fbcc4131a90,11:55:00,12:55:00
7fbcc4131af0,12:00:00,12:01:17
7fbcc4131b50,12:05:00,13:15:00
7fbcc4131bb0,10:30:00,11:10:00
7fbcc4131c10,10:35:00,11:20:00
7fbcc4131c70,10:40:00,11:50:00
7fbcc4131cd0,10:45:00,11:25:00
7fbcc4131d30,10:50:00,11:35:00
7fbcc4131d90,10:55:00,12:05:00
7fbcc4131df0,11:00:00,11:01:21
7fbcc4131e50,11:05:00,11:55:00
7fbcc4131eb0,11:10:00,12:10:00
7fbcc4131f10,11:15:00,11:55:00
7fbcc4131f70,11:20:00,12:30:00
7fbcc4131fd0,11:25:00,12:10:00
7fbcc4132070,11:30:00,12:30:00
7fbcc41320d0,11:35:00,12:45:00
7fbcc4132130,11:40:00,11:41:21
7fbcc4132190,11:45:00,11:46:21
7fbcc41321f0,11:50:00,13:00:00
7fbcc4132250,11:55:00,13:05:00
7fbcc41322b0,12:00:00,12:40:00
7fbcc4132310,12:05:00,13:05:00
7fbcc4132370,10:30:00,11:30:00
7fbcc41323d0,10:35:00,11:20:00
7fbcc4132430,10:40:00,10:41:25
7fbcc4132490,10:45:00,10:46:25
7fbcc41324f0,10:50:00,11:30:00
7fbcc4132550,10:55:00,10:56:25
7fbcc41325b0,11:00:00,11:50:00
7fbcc4132610,11:05:00,12:05:00
7fbcc4132670,11:10:00,11:55:00
7fbcc41326d0,11:15:00,12:05:00
7fbcc4132730,11:20:00,12:00:00
7fbcc4132790,11:25:00,12:25:00
7fbcc41327f0,11:30:00,12:10:00
7fbcc4132850,11:35:00,11:36:25
7fbcc41328b0,11:40:00,11:41:25
7fbcc4132910,11:45:00,12:45:00
7fbcc4132970,11:50:00,11:51:25
7fbcc41329d0,11:55:00,12:40:00
7fbcc4132a30,12:00:00,12:01:25
7fbcc4132a90,12:05:00,12:06:25
7fbcc4132af0,10:30:00,10:31:29
7fbcc4132b50,10:35:00,10:36:29
7fbcc4132bb0,10:40:00,10:41:29
7fbcc4132c10,10:45:00,11:35:00
7fbcc4132c70,10:50:00,11:40:00
7fbcc4132cd0,10:55:00,11:40:00
7fbcc4132d30,11:00:00,11:01:29
7fbcc4132d90,11:05:00,12:05:00
7fbcc4132df0,11:10:00,11:11:29
7fbcc4132e50,11:15:00,12:00:00
7fbcc4132eb0,11:20:00,12:05:00
7fbcc4132f10,11:25:00,11:26:29
7fbcc4132f70,11:30:00,12:40:00
7fbcc4132fd0,11:35:00,12:20:00
7fbcc4134070,11:40:00,12:40:00
7fbcc41340d0,11:45:00,12:55:00
7fbcc4134130,11:50:00,11:51:29
7fbcc4134190,11:55:00,13:05:00
7fbcc41341f0,12:00:00,12:50:00
7fbcc4134250,12:05:00,12:55:00
7fbcc41342b0,10:30:00,10:31:33
7fbcc4134310,10:35:00,11:15:00
7fbcc4134370,10:40:00,10:41:33
7fbcc41343d0,10:45:00,10:46:33
7fbcc4134430,10:50:00,12:00:00
7fbcc4134490,10:55:00,12:05:00
7fbcc41344f0,11:00:00,12:00:00
7fbcc4134550,11:05:00,11:50:00
7fbcc41345b0,11:10:00,11:55:00
7fbcc4134610,11:15:00,12:05:00
7fbcc4134670,11:20:00,12:30:00
7fbcc41346d0,11:25:00,12:10:00
7fbcc4134730,11:30:00,12:40:00
7fbcc4134790,11:35:00,12:25:00
7fbcc41347f0,11:40:00,11:41:33
7fbcc4134850,11:45:00,12:25:00
7fbcc41348b0,11:50:00,13:00:00
7fbcc4134910,11:55:00,11:56:33
7fbcc4134970,12:00:00,12:01:33
7fbcc41349d0,12:05:00,12:50:00
7fbcc4134a30,10:30:00,10:31:37
7fbcc4134a90,10:35:00,11:35:00
7fbcc4134af0,10:40:00,11:20:00
7fbcc4134b50,10:45:00,11:25:00
7fbcc4134bb0,10:50:00,10:51:37
7fbcc4134c10,10:55:00,11:40:00
7fbcc4134c70,11:00:00,11:40:00
7fbcc4134cd0,11:05:00,11:50:00
7fbcc4134d30,11:10:00,12:00:00
7fbcc4134d90,11:15:00,11:16:37
7fbcc4134df0,11:20:00,11:21:37
7fbcc4134e50,11:25:00,12:15:00
7fbcc4134eb0,11:30:00,12:10:00
7fbcc4134f10,11:35:00,12:45:00
7fbcc4134f70,11:40:00,12:50:00
7fbcc4134fd0,11:45:00,12:55:00
7fbcc4137070,11:50:00,12:30:00
7fbcc41370d0,11:55:00,11:56:37
7fbcc4137130,12:00:00,13:00:00
7fbcc4137190,12:05:00,12:06:37
7fbcc41371f0,10:30:00,11:40:00
7fbcc4137250,10:35:00,11:20:00
7fbcc41372b0,10:40:00,11:25:00
7fbcc4137310,10:45:00,11:55:00
7fbcc4137370,10:50:00,11:50:00
7fbcc41373d0,10:55:00,10:56:41
7fbcc4137430,11:00:00,12:10:00
7fbcc4137490,11:05:00,12:05:00
7fbcc41374f0,11:10:00,12:10:00
7fbcc4137550,11:15:00,11:55:00
7fbcc41375b0,11:20:00,12:00:00
7fbcc4137610,11:25:00,11:26:41
7fbcc4137670,11:30:00,11:31:41
7fbcc41376d0,11:35:00,12:45:00
7fbcc4137730,11:40:00,11:41:41
7fbcc4137790,11:45:00,11:46:41
7fbcc41377f0,11:50:00,12:30:00
7fbcc4137850,11:55:00,12:35:00
7fbcc41378b0,12:00:00,13:00:00
7fbcc4137910,12:05:00,12:45:00
7fbcc4137970,10:30:00,10:31:45
7fbcc41379d0,10:35:00,11:15:00
7fbcc4137a30,10:40:00,10:41:45
7fbcc4137a90,10:45:00,11:45:00
7fbcc4137af0,10:50:00,11:40:00
7fbcc4137b50,10:55:00,10:56:45
7fbcc4137bb0,11:00:00,11:01:45
7fbcc4137c10,11:05:00,11:06:45
7fbcc4137c70,11:10:00,11:11:45
7fbcc4137cd0,11:15:00,11:16:45
7fbcc4137d30,11:20:00,12:05:00
7fbcc4137d90,11:25:00,12:10:00
7fbcc4137df0,11:30:00,12:40:00
7fbcc4137e50,11:35:00,11:36:45
7fbcc4137eb0,11:40:00,12:40:00
7fbcc4137f10,11:45:00,12:25:00
7fbcc4137f70,11:50:00,11:51:45
7fbcc4137fd0,11:55:00,12:55:00
7fbcc4138070,12:00:00,12:01:45
7fbcc41380d0,12:05:00,12:45:00
7fbcc4138130,10:30:00,11:20:00
7fbcc4138190,10:35:00,11:45:00
7fbcc41381f0,10:40:00,11:50:00
7fbcc4138250,10:45:00,11:30:00
7fbcc41382b0,10:50:00,11:40:00
7fbcc4138310,10:55:00,11:35:00
7fbcc4138370,11:00:00,11:50:00
7fbcc41383d0,11:05:00,11:06:49
7fbcc4138430,11:10:00,11:11:49
7fbcc4138490,11:15:00,11:16:49
7fbcc41384f0,11:20:00,12:20:00
7fbcc4138550,11:25:00,11:26:49
7fbcc41385b0,11:30:00,12:10:00
7fbcc4138610,11:35:00,12:45:00
7fbcc4138670,11:40:00,11:41:49
7fbcc41386d0,11:45:00,12:55:00
7fbcc4138730,11:50:00,11:51:49
7fbcc4138790,11:55:00,11:56:49
7fbcc41387f0,12:00:00,12:50:00
7fbcc4138850,12:05:00,12:55:00
7fbcc41388b0,10:30:00,11:40:00
7fbcc4138910,10:35:00,10:36:53
7fbcc4138970,10:40:00,11:20:00
7fbcc41389d0,10:45:00,10:46:53
7fbcc4138a30,10:50:00,10:51:53
7fbcc4138a90,10:55:00,11:55:00
7fbcc4138af0,11:00:00,11:40:00
7fbcc4138b50,11:05:00,11:06:53
7fbcc4138bb0,11:10:00,12:10:00
7fbcc4138c10,11:15:00,11:55:00
7fbcc4138c70,11:20:00,11:21:53
7fbcc4138cd0,11:25:00,12:15:00
7fbcc4138d30,11:30:00,12:10:00
7fbcc4138d90,11:35:00,12:45:00
7fbcc4138df0,11:40:00,11:41:53
7fbcc4138e50,11:45:00,12:55:00
7fbcc4138eb0,11:50:00,11:51:53
7fbcc4138f10,11:55:00,13:05:00
7fbcc4138f70,12:00:00,12:45:00
7fbcc4138fd0,12:05:00,13:15:00
7fbcc40ba070,10:30:00,11:20:00
7fbcc40ba0d0,10:35:00,10:36:57
7fbcc40ba130,10:40:00,10:41:57
7fbcc40ba190,10:45:00,11:35:00
7fbcc40ba1f0,10:50:00,10:51:57
7fbcc40ba250,10:55:00,12:05:00
7fbcc40ba2b0,11:00:00,11:50:00
7fbcc40ba310,11:05:00,11:50:00
7fbcc40ba370,11:10:00,11:50:00
7fbcc40ba3d0,11:15:00,11:16:57
7fbcc40ba430,11:20:00,11:21:57
7fbcc40ba490,11:25:00,12:35:00
7fbcc40ba4f0,11:30:00,11:31:57
7fbcc40ba550,11:35:00,11:36:57
7fbcc40ba5b0,11:40:00,12:25:00
7fbcc40ba610,11:45:00,11:46:57
7fbcc40ba670,11:50:00,13:00:00
7fbcc40ba6d0,11:55:00,12:45:00
7fbcc40ba730,12:00:00,12:01:57
7fbcc40ba790,12:05:00,12:06:57
7fbcc40ba7f0,10:30:00,11:20:00
7fbcc40ba850,10:35:00,10:37:01
7fbcc40ba8b0,10:40:00,10:42:01
7fbcc40ba910,10:45:00,10:47:01
7fbcc40ba970,10:50:00,11:40:00
7fbcc40ba9d0,10:55:00,10:57:01
7fbcc40baa30,11:00:00,11:02:01
7fbcc40baa90,11:05:00,11:50:00
7fbcc40baaf0,11:10:00,12:20:00
7fbcc40bab50,11:15:00,11:55:00
7fbcc40babb0,11:20:00,12:05:00
7fbcc40bac10,11:25:00,12:35:00
7fbcc40bac70,11:30:00,11:32:01
7fbcc40bacd0,11:35:00,12:45:00
7fbcc40bad30,11:40:00,12:30:00
7fbcc40bad90,11:45:00,11:47:01
7fbcc40badf0,11:50:00,13:00:00
7fbcc40bae50,11:55:00,11:57:01
7fbcc40baeb0,12:00:00,12:45:00
7fbcc40baf10,12:05:00,13:15:00
7fbcc40baf70,10:30:00,11:40:00
7fbcc40bafd0,10:35:00,11:45:00
7fbcc40bd070,10:40:00,11:40:00
7fbcc40bd0d0,10:45:00,11:45:00
7fbcc40bd130,10:50:00,11:30:00
7fbcc40bd190,10:55:00,12:05:00
7fbcc40bd1f0,11:00:00,11:40:00
7fbcc40bd250,11:05:00,12:15:00
7fbcc40bd2b0,11:10:00,12:20:00
7fbcc40bd310,11:15:00,11:55:00
7fbcc40bd370,11:20:00,12:20:00
7fbcc40bd3d0,11:25:00,11:27:05
7fbcc40bd430,11:30:00,11:32:05
7fbcc40bd490,11:35:00,11:37:05
7fbcc40bd4f0,11:40:00,12:30:00
7fbcc40bd550,11:45:00,12:35:00
7fbcc40bd5b0,11:50:00,12:35:00
7fbcc40bd610,11:55:00,11:57:05
7fbcc40bd670,12:00:00,12:40:00
7fbcc40bd6d0,12:05:00,12:55:00
7fbcc40bd730,10:30:00,10:32:09
7fbcc40bd790,10:35:00,10:37:09
7fbcc40bd7f0,10:40:00,11:25:00
7fbcc40bd850,10:45:00,11:35:00
7fbcc40bd8b0,10:50:00,11:50:00
7fbcc40bd910,10:55:00,11:55:00
7fbcc40bd970,11:00:00,12:10:00
7fbcc40bd9d0,11:05:00,11:55:00
7fbcc40bda30,11:10:00,11:50:00
7fbcc40bda90,11:15:00,12:05:00
7fbcc40bdaf0,11:20:00,12:00:00
7fbcc40bdb50,11:25:00,11:27:09
7fbcc40bdbb0,11:30:00,11:32:09
7fbcc40bdc10,11:35:00,12:25:00
7fbcc40bdc70,11:40:00,12:20:00
7fbcc40bdcd0,11:45:00,12:30:00
7fbcc40bdd30,11:50:00,12:40:00
7fbcc40bdd90,11:55:00,12:55:00
7fbcc40bddf0,12:00:00,12:40:00
7fbcc40bde50,12:05:00,12:07:09
7fbcc40bdeb0,10:30:00,10:32:13
7fbcc40bdf10,10:35:00,11:25:00
7fbcc40bdf70,10:40:00,10:42:13
7fbcc40bdfd0,10:45:00,11:55:00
7fbcc40be070,10:50:00,11:50:00
7fbcc40be0d0,10:55:00,11:35:00
7fbcc40be130,11:00:00,12:00:00
7fbcc40be190,11:05:00,11:07:13
7fbcc40be1f0,11:10:00,11:12:13
7fbcc40be250,11:15:00,11:17:13
7fbcc40be2b0,11:20:00,12:30:00
7fbcc40be310,11:25:00,12:05:00
7fbcc40be370,11:30:00,12:30:00
7fbcc40be3d0,11:35:00,12:35:00
7fbcc40be430,11:40:00,12:50:00
7fbcc40be490,11:45:00,12:55:00
7fbcc40be4f0,11:50:00,13:00:00
7fbcc40be550,11:55:00,11:57:13
7fbcc40be5b0,12:00:00,13:00:00
7fbcc40be610,12:05:00,13:15:00
7fbcc40be670,10:30:00,11:20:00
7fbcc40be6d0,10:35:00,11:15:00
7fbcc40be730,10:40:00,10:42:17
7fbcc40be790,10:45:00,11:35:00
7fbcc40be7f0,10:50:00,11:30:00
7fbcc40be850,10:55:00,11:55:00
7fbcc40be8b0,11:00:00,11:02:17
7fbcc40be910,11:05:00,11:55:00
7fbcc40be970,11:10:00,12:00:00
7fbcc40be9d0,11:15:00,11:55:00
7fbcc40bea30,11:20:00,12:30:00
7fbcc40bea90,11:25:00,12:15:00
7fbcc40beaf0,11:30:00,11:32:17
7fbcc40beb50,11:35:00,12:20:00
7fbcc40bebb0,11:40:00,12:30:00
7fbcc40bec10,11:45:00,12:55:00
7fbcc40bec70,11:50:00,12:35:00
7fbcc40becd0,11:55:00,13:05:00
7fbcc40bed30,12:00:00,12:02:17
7fbcc40bed90,12:05:00,12:07:17
7fbcc40bedf0,10:30:00,11:15:00
7fbcc40bee50,10:35:00,11:45:00
7fbcc40beeb0,10:40:00,11:25:00
7fbcc40bef10,10:45:00,10:47:21
7fbcc40bef70,10:50:00,11:30:00
7fbcc40befd0,10:55:00,11:55:00
7fbcc40c0070,11:00:00,11:40:00
7fbcc40c00d0,11:05:00,11:55:00
7fbcc40c0130,11:10:00,11:55:00
7fbcc40c0190,11:15:00,12:05:00
7fbcc40c01f0,11:20:00,12:00:00
7fbcc40c0250,11:25:00,11:27:21
7fbcc40c02b0,11:30:00,12:20:00
7fbcc40c0310,11:35:00,11:37:21
7fbcc40c0370,11:40:00,11:42:21
7fbcc40c03d0,11:45:00,12:30:00
7fbcc40c0430,11:50:00,13:00:00
7fbcc40c0490,11:55:00,11:57:21
7fbcc40c04f0,12:00:00,13:10:00
7fbcc40c0550,12:05:00,12:55:00
7fbcc40c05b0,10:30:00,10:32:25
7fbcc40c0610,10:35:00,11:25:00
7fbcc40c0670,10:40:00,11:20:00
7fbcc40c06d0,10:45:00,11:55:00
7fbcc40c0730,10:50:00,11:50:00
7fbcc40c0790,10:55:00,11:55:00
7fbcc40c07f0,11:00:00,11:45:00
7fbcc40c0850,11:05:00,11:45:00
7fbcc40c08b0,11:10:00,12:00:00
7fbcc40c0910,11:15:00,11:17:25
7fbcc40c0970,11:20:00,12:05:00
7fbcc40c09d0,11:25:00,12:15:00
7fbcc40c0a30,11:30:00,12:10:00
7fbcc40c0a90,11:35:00,12:35:00
7fbcc40c0af0,11:40:00,12:20:00
7fbcc40c0b50,11:45:00,12:55:00
7fbcc40c0bb0,11:50:00,11:52:25
7fbcc40c0c10,11:55:00,12:45:00
7fbcc40c0c70,12:00:00,12:40:00
7fbcc40c0cd0,12:05:00,12:07:25
7fbcc40c0d30,10:30:00,10:32:29
7fbcc40c0d90,10:35:00,11:20:00
7fbcc40c0df0,10:40:00,11:40:00
7fbcc40c0e50,10:45:00,10:47:29
7fbcc40c0eb0,10:50:00,11:40:00
7fbcc40c0f10,10:55:00,11:45:00
7fbcc40c0f70,11:00:00,11:40:00
7fbcc40c0fd0,11:05:00,11:45:00
7fbcc40c3070,11:10:00,12:20:00
7fbcc40c30d0,11:15:00,12:15:00
7fbcc40c3130,11:20:00,12:10:00
7fbcc40c3190,11:25:00,12:05:00
7fbcc40c31f0,11:30:00,12:40:00
7fbcc40c3250,11:35:00,11:37:29
7fbcc40c32b0,11:40:00,11:42:29
7fbcc40c3310,11:45:00,12:30:00
7fbcc40c3370,11:50:00,12:35:00
7fbcc40c33d0,11:55:00,12:45:00
7fbcc40c3430,12:00:00,12:40:00
7fbcc40c3490,12:05:00,12:07:29
7fbcc40c34f0,10:30:00,11:15:00
7fbcc40c3550,10:35:00,11:35:00
7fbcc40c35b0,10:40:00,11:40:00
7fbcc40c3610,10:45:00,11:25:00
7fbcc40c3670,10:50:00,12:00:00
7fbcc40c36d0,10:55:00,10:57:33
7fbcc40c3730,11:00:00,11:50:00
7fbcc40c3790,11:05:00,11:07:33
7fbcc40c37f0,11:10:00,12:00:00
7fbcc40c3850,11:15:00,11:17:33
7fbcc40c38b0,11:20:00,12:30:00
7fbcc40c3910,11:25:00,12:10:00
7fbcc40c3970,11:30:00,11:32:33
7fbcc40c39d0,11:35:00,11:37:33
7fbcc40c3a30,11:40:00,11:42:33
7fbcc40c3a90,11:45:00,11:47:33
7fbcc40c3af0,11:50:00,12:30:00
7fbcc40c3b50,11:55:00,12:35:00
7fbcc40c3bb0,12:00:00,13:00:00
7fbcc40c3c10,12:05:00,12:50:00
7fbcc40c3c70,10:30:00,11:15:00
7fbcc40c3cd0,10:35:00,11:35:00
7fbcc40c3d30,10:40:00,11:30:00
7fbcc40c3d90,10:45:00,11:25:00
7fbcc40c3df0,10:50:00,10:52:37
7fbcc40c3e50,10:55:00,10:57:37
7fbcc40c3eb0,11:00:00,11:40:00
7fbcc40c3f10,11:05:00,11:45:00
7fbcc40c3f70,11:10:00,11:12:37
7fbcc40c3fd0,11:15:00,11:17:37
7fbcc40c4070,11:20:00,12:00:00
7fbcc40c40d0,11:25:00,12:05:00
7fbcc40c4130,11:30:00,12:20:00
7fbcc40c4190,11:35:00,12:20:00
7fbcc40c41f0,11:40:00,12:20:00
7fbcc40c4250,11:45:00,12:45:00
7fbcc40c42b0,11:50:00,12:40:00
7fbcc40c4310,11:55:00,12:40:00
7fbcc40c4370,12:00:00,12:02:37
7fbcc40c43d0,12:05:00,13:15:00
7fbcc40c4430,10:30:00,11:30:00
7fbcc40c4490,10:35:00,10:37:41
7fbcc40c44f0,10:40:00,11:25:00
7fbcc40c4550,10:45:00,11:55:00
7fbcc40c45b0,10:50:00,12:00:00
7fbcc40c4610,10:55:00,11:35:00
7fbcc40c4670,11:00:00,11:02:41
7fbcc40c46d0,11:05:00,11:07:41
7fbcc40c4730,11:10:00,12:10:00
7fbcc40c4790,11:15:00,12:25:00
7fbcc40c47f0,11:20:00,12:00:00
7fbcc40c4850,11:25:00,12:05:00
7fbcc40c48b0,11:30:00,11:32:41
7fbcc40c4910,11:35:00,12:15:00
7fbcc40c4970,11:40:00,11:42:41
7fbcc40c49d0,11:45:00,12:45:00
7fbcc40c4a30,11:50:00,12:50:00
7fbcc40c4a90,11:55:00,13:05:00
7fbcc40c4af0,12:00:00,13:00:00
7fbcc40c4b50,12:05:00,13:15:00
7fbcc40c4bb0,10:30:00,11:15:00
7fbcc40c4c10,10:35:00,11:25:00
7fbcc40c4c70,10:40:00,11:50:00
7fbcc40c4cd0,10:45:00,11:35:00
7fbcc40c4d30,10:50:00,12:00:00
7fbcc40c4d90,10:55:00,10:57:45
7fbcc40c4df0,11:00:00,12:10:00
7fbcc40c4e50,11:05:00,11:50:00
7fbcc40c4eb0,11:10:00,11:12:45
7fbcc40c4f10,11:15:00,11:17:45
7fbcc40c4f70,11:20:00,12:30:00
7fbcc40c4fd0,11:25:00,12:10:00
7fbcc40c6070,11:30:00,12:15:00
7fbcc40c60d0,11:35:00,12:35:00
7fbcc40c6130,11:40:00,12:25:00
7fbcc40c6190,11:45:00,11:47:45
7fbcc40c61f0,11:50:00,11:52:45
7fbcc40c6250,11:55:00,12:55:00
7fbcc40c62b0,12:00:00,12:02:45
7fbcc40c6310,12:05:00,13:15:00
7fbcc40c6370,10:30:00,10:32:49
7fbcc40c63d0,10:35:00,10:37:49
7fbcc40c6430,10:40:00,11:50:00
7fbcc40c6490,10:45:00,11:45:00
7fbcc40c64f0,10:50:00,11:50:00
7fbcc40c6550,10:55:00,10:57:49
7fbcc40c65b0,11:00:00,11:45:00
7fbcc40c6610,11:05:00,11:55:00
7fbcc40c6670,11:10:00,12:10:00
7fbcc40c66d0,11:15:00,12:05:00
7fbcc40c6730,11:20:00,12:20:00
7fbcc40c6790,11:25:00,11:27:49
7fbcc40c67f0,11:30:00,12:30:00
7fbcc40c6850,11:35:00,12:45:00
7fbcc40c68b0,11:40:00,12:30:00
7fbcc40c6910,11:45:00,12:30:00
7fbcc40c6970,11:50:00,11:52:49
7fbcc40c69d0,11:55:00,13:05:00
7fbcc40c6a30,12:00:00,12:02:49
7fbcc40c6a90,12:05:00,12:55:00
7fbcc40c6af0,10:30:00,11:15:00
7fbcc40c6b50,10:35:00,11:15:00
7fbcc40c6bb0,10:40:00,11:25:00
7fbcc40c6c10,10:45:00,11:30:00
7fbcc40c6c70,10:50:00,11:50:00
7fbcc40c6cd0,10:55:00,11:40:00
7fbcc40c6d30,11:00:00,11:45:00
7fbcc40c6d90,11:05:00,11:07:53
7fbcc40c6df0,11:10:00,11:55:00
7fbcc40c6e50,11:15:00,11:17:53
7fbcc40c6eb0,11:20:00,12:05:00
7fbcc40c6f10,11:25:00,11:27:53
7fbcc40c6f70,11:30:00,12:30:00
7fbcc40c6fd0,11:35:00,12:15:00
7fbcc40c9070,11:40:00,11:42:53
7fbcc40c90d0,11:45:00,11:47:53
7fbcc40c9130,11:50:00,12:30:00
7fbcc40c9190,11:55:00,12:55:00
7fbcc40c91f0,12:00:00,12:50:00
7fbcc40c9250,12:05:00,12:07:53
7fbcc40c92b0,10:30:00,10:32:57
7fbcc40c9310,10:35:00,10:37:57
7fbcc40c9370,10:40:00,11:40:00
7fbcc40c93d0,10:45:00,10:47:57
7fbcc40c9430,10:50:00,10:52:57
7fbcc40c9490,10:55:00,11:45:00
7fbcc40c94f0,11:00:00,12:10:00
7fbcc40c9550,11:05:00,11:55:00
7fbcc40c95b0,11:10:00,11:12:57
7fbcc40c9610,11:15:00,12:15:00
7fbcc40c9670,11:20:00,12:05:00
7fbcc40c96d0,11:25:00,12:35:00
7fbcc40c9730,11:30:00,11:32:57
7fbcc40c9790,11:35:00,11:37:57
7fbcc40c97f0,11:40:00,12:40:00
7fbcc40c9850,11:45:00,12:45:00
7fbcc40c98b0,11:50:00,12:50:00
7fbcc40c9910,11:55:00,12:35:00
7fbcc40c9970,12:00:00,12:50:00
7fbcc40c99d0,12:05:00,13:15:00
7fbcc40c9a30,10:30:00,11:40:00
7fbcc40c9a90,10:35:00,11:25:00
7fbcc40c9af0,10:40:00,11:20:00
7fbcc40c9b50,10:45:00,11:30:00
7fbcc40c9bb0,10:50:00,11:30:00
7fbcc40c9c10,10:55:00,11:45:00
7fbcc40c9c70,11:00:00,11:45:00
7fbcc40c9cd0,11:05:00,11:50:00
7fbcc40c9d30,11:10:00,11:55:00
7fbcc40c9d90,11:15:00,11:18:01
7fbcc40c9df0,11:20:00,12:10:00
7fbcc40c9e50,11:25:00,12:25:00
7fbcc40c9eb0,11:30:00,12:15:00
7fbcc40c9f10,11:35:00,12:25:00
7fbcc40c9f70,11:40:00,12:30:00
7fbcc40c9fd0,11:45:00,12:45:00
7fbcc40ca070,11:50:00,12:40:00
7fbcc40ca0d0,11:55:00,11:58:01
7fbcc40ca130,12:00:00,12:03:01
7fbcc40ca190,12:05:00,12:55:00
7fbcc40ca1f0,10:30:00,10:33:05
7fbcc40ca250,10:35:00,11:15:00
7fbcc40ca2b0,10:40:00,11:40:00
7fbcc40ca310,10:45:00,10:48:05
7fbcc40ca370,10:50:00,11:30:00
7fbcc40ca3d0,10:55:00,11:35:00
7fbcc40ca430,11:00:00,11:45:00
7fbcc40ca490,11:05:00,12:15:00
7fbcc40ca4f0,11:10:00,12:10:00
7fbcc40ca550,11:15:00,12:05:00
7fbcc40ca5b0,11:20:00,11:23:05
7fbcc40ca610,11:25:00,12:25:00
7fbcc40ca670,11:30:00,12:20:00
7fbcc40ca6d0,11:35:00,12:20:00
7fbcc40ca730,11:40:00,12:40:00
7fbcc40ca790,11:45:00,12:45:00
7fbcc40ca7f0,11:50:00,11:53:05
7fbcc40ca850,11:55:00,12:55:00
7fbcc40ca8b0,12:00:00,12:45:00
7fbcc40ca910,12:05:00,12:50:00
7fbcc40ca970,10:30:00,11:15:00
7fbcc40ca9d0,10:35:00,11:25:00
7fbcc40caa30,10:40:00,10:43:09
7fbcc40caa90,10:45:00,11:25:00
7fbcc40caaf0,10:50:00,11:35:00
7fbcc40cab50,10:55:00,10:58:09
7fbcc40cabb0,11:00:00,11:03:09
7fbcc40cac10,11:05:00,11:08:09
7fbcc40cac70,11:10:00,11:50:00
7fbcc40cacd0,11:15:00,12:05:00
7fbcc40cad30,11:20:00,12:05:00
7fbcc40cad90,11:25:00,12:10:00
7fbcc40cadf0,11:30:00,12:30:00
7fbcc40cae50,11:35:00,11:38:09
7fbcc40caeb0,11:40:00,12:30:00
7fbcc40caf10,11:45:00,12:45:00
7fbcc40caf70,11:50:00,12:30:00
7fbcc40cafd0,11:55:00,13:05:00
7fbcc40cc070,12:00:00,12:50:00
7fbcc40cc0d0,12:05:00,13:05:00
7fbcc40cc130,10:30:00,11:30:00
7fbcc40cc190,10:35:00,11:35:00
7fbcc40cc1f0,10:40:00,11:20:00
7fbcc40cc250,10:45:00,11:55:00
7fbcc40cc2b0,10:50:00,11:50:00
7fbcc40cc310,10:55:00,11:55:00
7fbcc40cc370,11:00:00,11:03:13
7fbcc40cc3d0,11:05:00,12:05:00
7fbcc40cc430,11:10:00,12:10:00
7fbcc40cc490,11:15:00,11:18:13
7fbcc40cc4f0,11:20:00,11:23:13
7fbcc40cc550,11:25:00,12:15:00
7fbcc40cc5b0,11:30:00,12:15:00
7fbcc40cc610,11:35:00,12:15:00
7fbcc40cc670,11:40:00,12:40:00
7fbcc40cc6d0,11:45:00,12:55:00
7fbcc40cc730,11:50:00,11:53:13
7fbcc40cc790,11:55:00,13:05:00
7fbcc40cc7f0,12:00:00,12:40:00
7fbcc40cc850,12:05:00,13:15:00
7fbcc40cc8b0,10:30:00,11:40:00
7fbcc40cc910,10:35:00,10:38:17
7fbcc40cc970,10:40:00,11:20:00
7fbcc40cc9d0,10:45:00,10:48:17
7fbcc40cca30,10:50:00,11:30:00
7fbcc40cca90,10:55:00,11:40:00
7fbcc40ccaf0,11:00:00,11:40:00
7fbcc40ccb50,11:05:00,11:50:00
7fbcc40ccbb0,11:10:00,11:50:00
7fbcc40ccc10,11:15:00,12:15:00
7fbcc40ccc70,11:20:00,12:00:00
7fbcc40cccd0,11:25:00,11:28:17
7fbcc40ccd30,11:30:00,11:33:17
7fbcc40ccd90,11:35:00,12:45:00
7fbcc40ccdf0,11:40:00,11:43:17
7fbcc40cce50,11:45:00,12:55:00
7fbcc40cceb0,11:50:00,11:53:17
7fbcc40ccf10,11:55:00,11:58:17
7fbcc40ccf70,12:00:00,12:03:17
7fbcc40ccfd0,12:05:00,13:05:00
7fbcc40cf070,10:30:00,10:33:21
7fbcc40cf0d0,10:35:00,11:45:00
7fbcc40cf130,10:40:00,11:30:00
7fbcc40cf190,10:45:00,10:48:21
7fbcc40cf1f0,10:50:00,10:53:21
7fbcc40cf250,10:55:00,11:35:00
7fbcc40cf2b0,11:00:00,11:03:21
7fbcc40cf310,11:05:00,12:15:00
7fbcc40cf370,11:10:00,11:55:00
7fbcc40cf3d0,11:15:00,11:18:21
7fbcc40cf430,11:20:00,12:30:00
7fbcc40cf490,11:25:00,12:10:00
7fbcc40cf4f0,11:30:00,12:15:00
7fbcc40cf550,11:35:00,12:15:00
7fbcc40cf5b0,11:40:00,12:25:00
7fbcc40cf610,11:45:00,12:55:00
7fbcc40cf670,11:50:00,13:00:00
7fbcc40cf6d0,11:55:00,13:05:00
7fbcc40cf730,12:00:00,12:40:00
7fbcc40cf790,12:05:00,12:45:00
7fbcc40cf7f0,10:30:00,11:40:00
7fbcc40cf850,10:35:00,11:25:00
7fbcc40cf8b0,10:40:00,10:43:25
7fbcc40cf910,10:45:00,10:48:25
7fbcc40cf970,10:50:00,10:53:25
7fbcc40cf9d0,10:55:00,11:35:00
7fbcc40cfa30,11:00:00,12:00:00
7fbcc40cfa90,11:05:00,11:45:00
7fbcc40cfaf0,11:10:00,11:13:25
7fbcc40cfb50,11:15:00,11:18:25
7fbcc40cfbb0,11:20:00,11:23:25
7fbcc40cfc10,11:25:00,12:05:00
7fbcc40cfc70,11:30:00,11:33:25
7fbcc40cfcd0,11:35:00,11:38:25
7fbcc40cfd30,11:40:00,11:43:25
7fbcc40cfd90,11:45:00,12:30:00
7fbcc40cfdf0,11:50:00,11:53:25
7fbcc40cfe50,11:55:00,13:05:00
7fbcc40cfeb0,12:00:00,12:45:00
7fbcc40cff10,12:05:00,13:15:00
7fbcc40cff70,10:30:00,11:30:00
7fbcc40cffd0,10:35:00,11:45:00
7fbcc40d0070,10:40:00,11:25:00
7fbcc40d00d0,10:45:00,10:48:29
7fbcc40d0130,10:50:00,11:50:00
7fbcc40d0190,10:55:00,11:45:00
7fbcc40d01f0,11:00:00,12:10:00
7fbcc40d0250,11:05:00,11:08:29
7fbcc40d02b0,11:10:00,12:10:00
7fbcc40d0310,11:15:00,12:05:00
7fbcc40d0370,11:20:00,12:00:00
7fbcc40d03d0,11:25:00,12:35:00
7fbcc40d0430,11:30:00,12:15:00
7fbcc40d0490,11:35:00,12:45:00
7fbcc40d04f0,11:40:00,12:25:00
7fbcc40d0550,11:45:00,12:45:00
7fbcc40d05b0,11:50:00,12:40:00
7fbcc40d0610,11:55:00,11:58:29
7fbcc40d0670,12:00:00,13:10:00
7fbcc40d06d0,12:05:00,12:08:29
7fbcc40d0730,10:30:00,10:33:33
7fbcc40d0790,10:35:00,11:25:00
7fbcc40d07f0,10:40:00,11:50:00
7fbcc40d0850,10:45:00,10:48:33
7fbcc40d08b0,10:50:00,10:53:33
7fbcc40d0910,10:55:00,11:35:00
7fbcc40d0970,11:00:00,12:10:00
7fbcc40d09d0,11:05:00,11:45:00
7fbcc40d0a30,11:10:00,12:00:00
7fbcc40d0a90,11:15:00,12:25:00
7fbcc40d0af0,11:20:00,12:10:00
7fbcc40d0b50,11:25:00,11:28:33
7fbcc40d0bb0,11:30:00,12:30:00
7fbcc40d0c10,11:35:00,11:38:33
7fbcc40d0c70,11:40:00,12:30:00
7fbcc40d0cd0,11:45:00,11:48:33
7fbcc40d0d30,11:50:00,11:53:33
7fbcc40d0d90,11:55:00,12:55:00
7fbcc40d0df0,12:00:00,13:10:00
7fbcc40d0e50,12:05:00,13:15:00
7fbcc40d0eb0,10:30:00,11:20:00
7fbcc40d0f10,10:35:00,10:38:37
7fbcc40d0f70,10:40:00,11:25:00
7fbcc40d0fd0,10:45:00,10:48:37
7fbcc40d2070,10:50:00,12:00:00
7fbcc40d20d0,10:55:00,10:58:37
7fbcc40d2130,11:00:00,11:45:00
7fbcc40d2190,11:05:00,11:08:37
7fbcc40d21f0,11:10:00,11:55:00
7fbcc40d2250,11:15:00,12:00:00
7fbcc40d22b0,11:20:00,12:00:00
7fbcc40d2310,11:25:00,12:35:00
7fbcc40d2370,11:30:00,12:20:00
7fbcc40d23d0,11:35:00,12:20:00
7fbcc40d2430,11:40:00,11:43:37
7fbcc40d2490,11:45:00,11:48:37
7fbcc40d24f0,11:50:00,13:00:00
7fbcc40d2550,11:55:00,12:40:00
7fbcc40d25b0,12:00:00,12:40:00
7fbcc40d2610,12:05:00,12:08:37
7fbcc40d2670,10:30:00,11:15:00
7fbcc40d26d0,10:35:00,10:38:41
7fbcc40d2730,10:40:00,11:50:00
7fbcc40d2790,10:45:00,10:48:41
7fbcc40d27f0,10:50:00,10:53:41
7fbcc40d2850,10:55:00,11:40:00
7fbcc40d28b0,11:00:00,12:00:00
7fbcc40d2910,11:05:00,11:45:00
7fbcc40d2970,11:10:00,12:00:00
7fbcc40d29d0,11:15:00,11:55:00
7fbcc40d2a30,11:20:00,12:20:00
7fbcc40d2a90,11:25:00,12:35:00
7fbcc40d2af0,11:30:00,12:30:00
7fbcc40d2b50,11:35:00,12:25:00
7fbcc40d2bb0,11:40:00,11:43:41
7fbcc40d2c10,11:45:00,12:45:00
7fbcc40d2c70,11:50:00,12:30:00
7fbcc40d2cd0,11:55:00,12:55:00
7fbcc40d2d30,12:00:00,12:03:41
7fbcc40d2d90,12:05:00,12:50:00
